[2026-02-28T03:59:49.238Z] IT: 0 | TS: 674.60ms | Status: initial_connect
[2026-02-28T03:59:51.365Z] IT: 0 | TS: 2818.30ms | Status: exploit_start
[2026-02-28T03:59:51.486Z] IT: 10 | TS: 2944.20ms | Status: active
[2026-02-28T03:59:51.668Z] IT: 20 | TS: 3110.20ms | Status: active
[2026-02-28T03:59:51.829Z] IT: 30 | TS: 3277.30ms | Status: active
[2026-02-28T03:59:51.982Z] IT: 40 | TS: 3443.90ms | Status: active
[2026-02-28T03:59:52.153Z] IT: 50 | TS: 3610.60ms | Status: active
[2026-02-28T03:59:52.319Z] IT: 60 | TS: 3777.00ms | Status: active
[2026-02-28T03:59:52.660Z] IT: 80 | TS: 4110.40ms | Status: active
[2026-02-28T03:59:52.768Z] IT: 70 | TS: 3944.70ms | Status: active
[2026-02-28T03:59:52.827Z] IT: 90 | TS: 4277.10ms | Status: active
[2026-02-28T03:59:52.981Z] IT: 100 | TS: 4443.70ms | Status: active
[2026-02-28T03:59:53.153Z] IT: 110 | TS: 4610.30ms | Status: active
[2026-02-28T03:59:53.330Z] IT: 120 | TS: 4777.00ms | Status: active
[2026-02-28T03:59:53.491Z] IT: 130 | TS: 4943.70ms | Status: active
[2026-02-28T03:59:53.653Z] IT: 140 | TS: 5110.30ms | Status: active
[2026-02-28T03:59:53.851Z] IT: 150 | TS: 5276.80ms | Status: active
[2026-02-28T03:59:53.988Z] IT: 160 | TS: 5443.70ms | Status: active
[2026-02-28T03:59:54.178Z] IT: 170 | TS: 5610.30ms | Status: active
[2026-02-28T03:59:54.334Z] IT: 180 | TS: 5776.90ms | Status: active
[2026-02-28T03:59:54.477Z] IT: 190 | TS: 5943.60ms | Status: active
[2026-02-28T03:59:54.645Z] IT: 200 | TS: 6110.20ms | Status: active
[2026-02-28T03:59:54.821Z] IT: 210 | TS: 6276.90ms | Status: active
[2026-02-28T03:59:55.166Z] IT: 230 | TS: 6610.30ms | Status: active
[2026-02-28T03:59:55.313Z] IT: 220 | TS: 6443.50ms | Status: active
[2026-02-28T03:59:55.323Z] IT: 240 | TS: 6776.80ms | Status: active
[2026-02-28T03:59:55.481Z] IT: 250 | TS: 6945.10ms | Status: active
[2026-02-28T03:59:55.663Z] IT: 260 | TS: 7110.10ms | Status: active
[2026-02-28T03:59:55.823Z] IT: 270 | TS: 7276.90ms | Status: active
[2026-02-28T03:59:55.997Z] IT: 280 | TS: 7443.40ms | Status: active
[2026-02-28T03:59:56.174Z] IT: 290 | TS: 7610.20ms | Status: active
[2026-02-28T03:59:56.312Z] IT: 300 | TS: 7776.80ms | Status: active
[2026-02-28T03:59:56.474Z] IT: 310 | TS: 7943.40ms | Status: active
[2026-02-28T03:59:56.647Z] IT: 320 | TS: 8110.00ms | Status: active
[2026-02-28T03:59:56.818Z] IT: 330 | TS: 8276.70ms | Status: active
[2026-02-28T03:59:56.975Z] IT: 340 | TS: 8443.50ms | Status: active
[2026-02-28T03:59:57.142Z] IT: 350 | TS: 8610.00ms | Status: active
[2026-02-28T03:59:57.311Z] IT: 360 | TS: 8776.70ms | Status: active
[2026-02-28T03:59:57.498Z] IT: 370 | TS: 8943.30ms | Status: active
[2026-02-28T03:59:57.659Z] IT: 380 | TS: 9110.00ms | Status: active
[2026-02-28T03:59:57.813Z] IT: 390 | TS: 9276.70ms | Status: active
[2026-02-28T03:59:57.974Z] IT: 400 | TS: 9443.10ms | Status: active
[2026-02-28T03:59:58.160Z] IT: 410 | TS: 9609.90ms | Status: active
[2026-02-28T03:59:58.309Z] IT: 420 | TS: 9776.60ms | Status: active
[2026-02-28T03:59:58.474Z] IT: 430 | TS: 9943.30ms | Status: active
[2026-02-28T03:59:58.647Z] IT: 440 | TS: 10109.80ms | Status: active
[2026-02-28T03:59:58.818Z] IT: 450 | TS: 10276.50ms | Status: active
[2026-02-28T03:59:58.984Z] IT: 460 | TS: 10443.10ms | Status: active
[2026-02-28T03:59:59.148Z] IT: 470 | TS: 10609.80ms | Status: active
[2026-02-28T03:59:59.344Z] IT: 480 | TS: 10776.50ms | Status: active
[2026-02-28T04:00:03.047Z] IT: 490 | TS: 14492.80ms | Status: active
[2026-02-28T04:00:03.214Z] IT: 500 | TS: 14659.50ms | Status: active
[2026-02-28T04:00:03.364Z] IT: 510 | TS: 14826.10ms | Status: active
[2026-02-28T04:00:03.548Z] IT: 520 | TS: 14992.80ms | Status: active
[2026-02-28T04:00:03.700Z] IT: 530 | TS: 15159.40ms | Status: active
[2026-02-28T04:00:03.857Z] IT: 540 | TS: 15326.30ms | Status: active
[2026-02-28T04:00:04.029Z] IT: 550 | TS: 15492.80ms | Status: active
[2026-02-28T04:00:04.205Z] IT: 560 | TS: 15659.40ms | Status: active
[2026-02-28T04:00:04.357Z] IT: 570 | TS: 15826.20ms | Status: active
[2026-02-28T04:00:04.534Z] IT: 580 | TS: 15992.80ms | Status: active
[2026-02-28T04:00:04.696Z] IT: 590 | TS: 16160.10ms | Status: active
[2026-02-28T04:00:04.857Z] IT: 600 | TS: 16326.20ms | Status: active
[2026-02-28T04:00:05.026Z] IT: 610 | TS: 16492.70ms | Status: active
[2026-02-28T04:00:05.194Z] IT: 620 | TS: 16659.20ms | Status: active
[2026-02-28T04:00:05.358Z] IT: 630 | TS: 16826.00ms | Status: active
[2026-02-28T04:00:05.525Z] IT: 640 | TS: 16992.60ms | Status: active
[2026-02-28T04:00:05.703Z] IT: 650 | TS: 17159.60ms | Status: active
[2026-02-28T04:00:05.877Z] IT: 660 | TS: 17325.90ms | Status: active
[2026-02-28T04:00:06.026Z] IT: 670 | TS: 17492.60ms | Status: active
[2026-02-28T04:00:06.196Z] IT: 680 | TS: 17659.30ms | Status: active
[2026-02-28T04:00:06.384Z] IT: 690 | TS: 17825.90ms | Status: active
[2026-02-28T04:00:06.528Z] IT: 700 | TS: 17992.80ms | Status: active
[2026-02-28T04:00:06.710Z] IT: 710 | TS: 18159.30ms | Status: active
[2026-02-28T04:00:06.873Z] IT: 720 | TS: 18325.90ms | Status: active
[2026-02-28T04:00:07.041Z] IT: 730 | TS: 18492.70ms | Status: active
[2026-02-28T04:00:07.233Z] IT: 740 | TS: 18659.10ms | Status: active
[2026-02-28T04:00:07.407Z] IT: 750 | TS: 18825.90ms | Status: active
[2026-02-28T04:00:07.584Z] IT: 760 | TS: 18992.50ms | Status: active
[2026-02-28T04:00:07.719Z] IT: 770 | TS: 19159.00ms | Status: active
[2026-02-28T04:00:07.884Z] IT: 780 | TS: 19325.80ms | Status: active
[2026-02-28T04:00:08.068Z] IT: 790 | TS: 19492.40ms | Status: active
[2026-02-28T04:00:08.199Z] IT: 800 | TS: 19659.10ms | Status: active
[2026-02-28T04:00:08.361Z] IT: 810 | TS: 19825.80ms | Status: active
[2026-02-28T04:00:08.525Z] IT: 820 | TS: 19992.40ms | Status: active
[2026-02-28T04:00:08.694Z] IT: 830 | TS: 20159.20ms | Status: active
[2026-02-28T04:00:08.858Z] IT: 840 | TS: 20325.70ms | Status: active
[2026-02-28T04:00:09.024Z] IT: 850 | TS: 20492.40ms | Status: active
[2026-02-28T04:00:09.194Z] IT: 860 | TS: 20659.10ms | Status: active
[2026-02-28T04:00:09.358Z] IT: 870 | TS: 20825.60ms | Status: active
[2026-02-28T04:00:09.534Z] IT: 880 | TS: 20992.40ms | Status: active
[2026-02-28T04:00:09.691Z] IT: 890 | TS: 21159.00ms | Status: active
[2026-02-28T04:00:09.859Z] IT: 900 | TS: 21325.70ms | Status: active
[2026-02-28T04:00:10.023Z] IT: 910 | TS: 21492.30ms | Status: active
[2026-02-28T04:00:10.191Z] IT: 920 | TS: 21659.00ms | Status: active
[2026-02-28T04:00:10.356Z] IT: 930 | TS: 21825.60ms | Status: active
[2026-02-28T04:00:10.534Z] IT: 940 | TS: 21993.70ms | Status: active
[2026-02-28T04:00:10.695Z] IT: 950 | TS: 22158.90ms | Status: active
[2026-02-28T04:00:10.857Z] IT: 960 | TS: 22325.40ms | Status: active
[2026-02-28T04:00:11.027Z] IT: 970 | TS: 22492.00ms | Status: active
[2026-02-28T04:00:11.221Z] IT: 980 | TS: 22658.90ms | Status: active
[2026-02-28T04:00:11.376Z] IT: 990 | TS: 22825.50ms | Status: active
[2026-02-28T04:00:11.542Z] IT: 1000 | TS: 22992.00ms | Status: active
[2026-02-28T04:00:11.695Z] IT: 1010 | TS: 23158.80ms | Status: active
[2026-02-28T04:00:11.862Z] IT: 1020 | TS: 23325.40ms | Status: active
[2026-02-28T04:00:12.030Z] IT: 1030 | TS: 23492.10ms | Status: active
[2026-02-28T04:00:12.196Z] IT: 1040 | TS: 23658.70ms | Status: active
[2026-02-28T04:00:12.383Z] IT: 1050 | TS: 23825.20ms | Status: active
[2026-02-28T04:00:12.531Z] IT: 1060 | TS: 23992.00ms | Status: active
[2026-02-28T04:00:12.697Z] IT: 1070 | TS: 24158.70ms | Status: active
[2026-02-28T04:00:12.879Z] IT: 1080 | TS: 24325.40ms | Status: active
[2026-02-28T04:00:13.306Z] IT: 1090 | TS: 24492.20ms | Status: active
[2026-02-28T04:00:13.368Z] IT: 1100 | TS: 24658.40ms | Status: active
[2026-02-28T04:00:13.472Z] IT: 1110 | TS: 24825.50ms | Status: active
[2026-02-28T04:00:13.587Z] IT: 1120 | TS: 24991.90ms | Status: active
[2026-02-28T04:00:20.814Z] IT: 1130 | TS: 32124.70ms | Status: active
[2026-02-28T04:00:20.971Z] IT: 1140 | TS: 32291.40ms | Status: active
[2026-02-28T04:00:21.021Z] IT: 1150 | TS: 32458.00ms | Status: active
[2026-02-28T04:00:21.195Z] IT: 1160 | TS: 32624.80ms | Status: active
[2026-02-28T04:00:21.354Z] IT: 1170 | TS: 32791.50ms | Status: active
[2026-02-28T04:00:21.525Z] IT: 1180 | TS: 32958.00ms | Status: active
[2026-02-28T04:00:21.686Z] IT: 1190 | TS: 33124.70ms | Status: active
[2026-02-28T04:00:21.860Z] IT: 1200 | TS: 33291.50ms | Status: active
[2026-02-28T04:00:22.017Z] IT: 1210 | TS: 33458.10ms | Status: active
[2026-02-28T04:00:22.174Z] IT: 1220 | TS: 33624.60ms | Status: active
[2026-02-28T04:00:22.355Z] IT: 1230 | TS: 33791.30ms | Status: active
[2026-02-28T04:00:22.504Z] IT: 1240 | TS: 33957.80ms | Status: active
[2026-02-28T04:00:22.671Z] IT: 1250 | TS: 34124.40ms | Status: active
[2026-02-28T04:01:14.074Z] IT: 1280 | TS: 85386.90ms | Status: active
[2026-02-28T04:01:14.382Z] IT: 1270 | TS: 85220.30ms | Status: active
[2026-02-28T04:01:14.583Z] IT: 1310 | TS: 85886.90ms | Status: active
[2026-02-28T04:01:14.607Z] IT: 1300 | TS: 85720.10ms | Status: active
[2026-02-28T04:01:14.619Z] IT: 1320 | TS: 86053.50ms | Status: active
[2026-02-28T04:01:14.802Z] IT: 1330 | TS: 86220.10ms | Status: active
[2026-02-28T04:01:14.846Z] IT: 1290 | TS: 85553.30ms | Status: active
[2026-02-28T04:01:14.963Z] IT: 1340 | TS: 86386.80ms | Status: active
[2026-02-28T04:01:15.126Z] IT: 1350 | TS: 86553.40ms | Status: active
[2026-02-28T04:01:15.152Z] IT: 1260 | TS: 85053.60ms | Status: active
[2026-02-28T04:01:15.287Z] IT: 1360 | TS: 86720.10ms | Status: active
[2026-02-28T04:01:15.490Z] IT: 1370 | TS: 86886.90ms | Status: active
[2026-02-28T04:01:17.504Z] IT: 1380 | TS: 88903.20ms | Status: active
[2026-02-28T04:01:17.668Z] IT: 1390 | TS: 89069.80ms | Status: active
[2026-02-28T04:01:17.998Z] IT: 1410 | TS: 89403.20ms | Status: active
[2026-02-28T04:01:18.128Z] IT: 1400 | TS: 89237.20ms | Status: active
[2026-02-28T04:01:18.154Z] IT: 1420 | TS: 89569.70ms | Status: active
[2026-02-28T04:01:18.314Z] IT: 1430 | TS: 89736.40ms | Status: active
[2026-02-28T04:01:18.474Z] IT: 1440 | TS: 89902.90ms | Status: active
[2026-02-28T04:01:18.676Z] IT: 1450 | TS: 90069.60ms | Status: active
[2026-02-28T04:01:18.825Z] IT: 1460 | TS: 90236.30ms | Status: active
[2026-02-28T04:01:18.994Z] IT: 1470 | TS: 90403.00ms | Status: active
[2026-02-28T04:01:19.158Z] IT: 1480 | TS: 90569.60ms | Status: active
[2026-02-28T04:01:19.346Z] IT: 1490 | TS: 90736.10ms | Status: active
[2026-02-28T04:01:19.492Z] IT: 1500 | TS: 90903.00ms | Status: active
[IT: 0] Latency: 0ms | Session: X_ouisq
[IT: 5] Latency: 66.40ms | Session: X_ouisq
[IT: 10] Latency: 84.90ms | Session: X_ouisq
[IT: 15] Latency: 81.90ms | Session: X_ouisq
[IT: 20] Latency: 83.30ms | Session: X_ouisq
[IT: 30] Latency: 166.60ms | Session: X_ouisq
[IT: 35] Latency: 83.60ms | Session: X_ouisq
[IT: 40] Latency: 83.40ms | Session: X_ouisq
[IT: 45] Latency: 83.30ms | Session: X_ouisq
[IT: 25] Latency: -333.60ms | Session: X_ouisq
[IT: 50] Latency: 416.50ms | Session: X_ouisq
[IT: 55] Latency: 83.60ms | Session: X_ouisq
[IT: 60] Latency: 83.30ms | Session: X_ouisq
[IT: 65] Latency: 84.20ms | Session: X_ouisq
[IT: 70] Latency: 82.30ms | Session: X_ouisq
[IT: 75] Latency: 83.10ms | Session: X_ouisq
[IT: 80] Latency: 83.80ms | Session: X_ouisq
[IT: 85] Latency: 83.50ms | Session: X_ouisq
[IT: 95] Latency: 166.30ms | Session: X_ouisq
[IT: 100] Latency: 83.30ms | Session: X_ouisq
[IT: 105] Latency: 83.40ms | Session: X_ouisq
[IT: 90] Latency: -250.20ms | Session: X_ouisq
[IT: 110] Latency: 333.40ms | Session: X_ouisq
[IT: 115] Latency: 83.30ms | Session: X_ouisq
[IT: 120] Latency: 83.40ms | Session: X_ouisq
[IT: 125] Latency: 83.10ms | Session: X_ouisq
[IT: 130] Latency: 83.40ms | Session: X_ouisq
[IT: 135] Latency: 83.60ms | Session: X_ouisq
[IT: 140] Latency: 83.20ms | Session: X_ouisq
[IT: 145] Latency: 83.00ms | Session: X_ouisq
[IT: 150] Latency: 83.50ms | Session: X_ouisq
[IT: 155] Latency: 83.20ms | Session: X_ouisq
[IT: 160] Latency: 84.00ms | Session: X_ouisq
[IT: 165] Latency: 82.90ms | Session: X_ouisq
[IT: 170] Latency: 83.40ms | Session: X_ouisq
[IT: 175] Latency: 83.20ms | Session: X_ouisq
[IT: 180] Latency: 83.30ms | Session: X_ouisq
[IT: 185] Latency: 83.30ms | Session: X_ouisq
[IT: 190] Latency: 83.40ms | Session: X_ouisq
[IT: 195] Latency: 83.30ms | Session: X_ouisq
[IT: 205] Latency: 166.60ms | Session: X_ouisq
[IT: 210] Latency: 83.50ms | Session: X_ouisq
[IT: 215] Latency: 83.00ms | Session: X_ouisq
[IT: 200] Latency: -249.80ms | Session: X_ouisq
[IT: 220] Latency: 333.20ms | Session: X_ouisq
[IT: 225] Latency: 83.60ms | Session: X_ouisq
[IT: 230] Latency: 84.40ms | Session: X_ouisq
[IT: 235] Latency: 82.00ms | Session: X_ouisq
[IT: 240] Latency: 83.30ms | Session: X_ouisq
[IT: 245] Latency: 83.30ms | Session: X_ouisq
[IT: 250] Latency: 83.50ms | Session: X_ouisq
[IT: 255] Latency: 83.20ms | Session: X_ouisq
[IT: 260] Latency: 83.40ms | Session: X_ouisq
[IT: 265] Latency: 83.20ms | Session: X_ouisq
[IT: 270] Latency: 83.40ms | Session: X_ouisq
[IT: 275] Latency: 83.30ms | Session: X_ouisq
[IT: 280] Latency: 83.40ms | Session: X_ouisq
[IT: 285] Latency: 83.30ms | Session: X_ouisq
[IT: 290] Latency: 84.10ms | Session: X_ouisq
[IT: 295] Latency: 82.50ms | Session: X_ouisq
[IT: 300] Latency: 83.30ms | Session: X_ouisq
[IT: 305] Latency: 83.50ms | Session: X_ouisq
[IT: 310] Latency: 83.20ms | Session: X_ouisq
[IT: 315] Latency: 83.60ms | Session: X_ouisq
[IT: 320] Latency: 83.00ms | Session: X_ouisq
[IT: 325] Latency: 83.60ms | Session: X_ouisq
[IT: 330] Latency: 83.00ms | Session: X_ouisq
[IT: 335] Latency: 83.50ms | Session: X_ouisq
[IT: 340] Latency: 83.40ms | Session: X_ouisq
[IT: 345] Latency: 83.10ms | Session: X_ouisq
[IT: 350] Latency: 83.30ms | Session: X_ouisq
[IT: 355] Latency: 83.50ms | Session: X_ouisq
[IT: 360] Latency: 83.30ms | Session: X_ouisq
[IT: 365] Latency: 83.40ms | Session: X_ouisq
[IT: 370] Latency: 83.10ms | Session: X_ouisq
[IT: 375] Latency: 83.50ms | Session: X_ouisq
[IT: 380] Latency: 83.30ms | Session: X_ouisq
[IT: 385] Latency: 83.30ms | Session: X_ouisq
[IT: 390] Latency: 83.40ms | Session: X_ouisq
[IT: 395] Latency: 83.20ms | Session: X_ouisq
[IT: 400] Latency: 83.30ms | Session: X_ouisq
[IT: 405] Latency: 83.40ms | Session: X_ouisq
[IT: 410] Latency: 83.40ms | Session: X_ouisq
[IT: 415] Latency: 83.30ms | Session: X_ouisq
[IT: 420] Latency: 83.30ms | Session: X_ouisq
[IT: 425] Latency: 83.30ms | Session: X_ouisq
[IT: 430] Latency: 83.20ms | Session: X_ouisq
[IT: 435] Latency: 83.40ms | Session: X_ouisq
[IT: 440] Latency: 83.50ms | Session: X_ouisq
[IT: 450] Latency: 166.80ms | Session: X_ouisq
[IT: 445] Latency: -83.60ms | Session: X_ouisq
[IT: 455] Latency: 166.80ms | Session: X_ouisq
[IT: 460] Latency: 83.30ms | Session: X_ouisq
[IT: 465] Latency: 83.30ms | Session: X_ouisq
[IT: 470] Latency: 83.40ms | Session: X_ouisq
[IT: 475] Latency: 83.30ms | Session: X_ouisq
[IT: 480] Latency: 83.30ms | Session: X_ouisq
[IT: 485] Latency: 83.30ms | Session: X_ouisq
[IT: 490] Latency: 83.30ms | Session: X_ouisq
[IT: 495] Latency: 83.20ms | Session: X_ouisq
[IT: 500] Latency: 83.40ms | Session: X_ouisq
[IT: 505] Latency: 84.70ms | Session: X_ouisq
[IT: 510] Latency: 82.10ms | Session: X_ouisq
[IT: 515] Latency: 83.40ms | Session: X_ouisq
[IT: 520] Latency: 83.10ms | Session: X_ouisq
[IT: 525] Latency: 83.50ms | Session: X_ouisq
[IT: 530] Latency: 83.30ms | Session: X_ouisq
[IT: 535] Latency: 83.20ms | Session: X_ouisq
[IT: 540] Latency: 83.50ms | Session: X_ouisq
[IT: 545] Latency: 83.40ms | Session: X_ouisq
[IT: 550] Latency: 83.00ms | Session: X_ouisq
[IT: 555] Latency: 83.50ms | Session: X_ouisq
[IT: 560] Latency: 83.20ms | Session: X_ouisq
[IT: 565] Latency: 83.50ms | Session: X_ouisq
[IT: 570] Latency: 83.10ms | Session: X_ouisq
[IT: 575] Latency: 83.50ms | Session: X_ouisq
[IT: 580] Latency: 83.30ms | Session: X_ouisq
[IT: 585] Latency: 83.10ms | Session: X_ouisq
[IT: 590] Latency: 84.10ms | Session: X_ouisq
[IT: 595] Latency: 82.90ms | Session: X_ouisq
[IT: 600] Latency: 83.10ms | Session: X_ouisq
[IT: 605] Latency: 83.50ms | Session: X_ouisq
[IT: 610] Latency: 83.40ms | Session: X_ouisq
[IT: 615] Latency: 83.20ms | Session: X_ouisq
[IT: 620] Latency: 83.20ms | Session: X_ouisq
[IT: 625] Latency: 83.50ms | Session: X_ouisq
[IT: 630] Latency: 83.10ms | Session: X_ouisq
[IT: 635] Latency: 83.30ms | Session: X_ouisq
[IT: 640] Latency: 83.60ms | Session: X_ouisq
[IT: 645] Latency: 83.20ms | Session: X_ouisq
[IT: 655] Latency: 166.60ms | Session: X_ouisq
[IT: 660] Latency: 84.10ms | Session: X_ouisq
[IT: 665] Latency: 82.60ms | Session: X_ouisq
[IT: 650] Latency: -249.90ms | Session: X_ouisq
[IT: 670] Latency: 333.10ms | Session: X_ouisq
[IT: 675] Latency: 83.50ms | Session: X_ouisq
[IT: 680] Latency: 83.30ms | Session: X_ouisq
[IT: 685] Latency: 84.60ms | Session: X_ouisq
[IT: 690] Latency: 82.20ms | Session: X_ouisq
[IT: 695] Latency: 83.20ms | Session: X_ouisq
[IT: 700] Latency: 83.30ms | Session: X_ouisq
[IT: 705] Latency: 83.40ms | Session: X_ouisq
[IT: 710] Latency: 83.20ms | Session: X_ouisq
[IT: 715] Latency: 83.50ms | Session: X_ouisq
[IT: 720] Latency: 83.40ms | Session: X_ouisq
[IT: 730] Latency: 166.50ms | Session: X_ouisq
[IT: 735] Latency: 83.40ms | Session: X_ouisq
[IT: 725] Latency: -166.70ms | Session: X_ouisq
[IT: 740] Latency: 249.90ms | Session: X_ouisq
[IT: 750] Latency: 166.50ms | Session: X_ouisq
[IT: 755] Latency: 83.60ms | Session: X_ouisq
[IT: 745] Latency: -165.30ms | Session: X_ouisq
[IT: 760] Latency: 248.40ms | Session: X_ouisq
[IT: 765] Latency: 83.50ms | Session: X_ouisq
[IT: 770] Latency: 83.10ms | Session: X_ouisq
[IT: 775] Latency: 83.40ms | Session: X_ouisq
[IT: 780] Latency: 83.20ms | Session: X_ouisq
[IT: 785] Latency: 83.40ms | Session: X_ouisq
[IT: 790] Latency: 83.50ms | Session: X_ouisq
[IT: 795] Latency: 83.20ms | Session: X_ouisq
[IT: 800] Latency: 83.40ms | Session: X_ouisq
[IT: 805] Latency: 83.50ms | Session: X_ouisq
[IT: 810] Latency: 84.10ms | Session: X_ouisq
[IT: 815] Latency: 82.50ms | Session: X_ouisq
[IT: 820] Latency: 83.30ms | Session: X_ouisq
[IT: 825] Latency: 83.30ms | Session: X_ouisq
[IT: 830] Latency: 83.30ms | Session: X_ouisq
[IT: 835] Latency: 83.50ms | Session: X_ouisq
[IT: 840] Latency: 83.10ms | Session: X_ouisq
[IT: 845] Latency: 83.40ms | Session: X_ouisq
[IT: 850] Latency: 83.40ms | Session: X_ouisq
[IT: 855] Latency: 83.20ms | Session: X_ouisq
[IT: 860] Latency: 83.40ms | Session: X_ouisq
[IT: 865] Latency: 83.30ms | Session: X_ouisq
[IT: 870] Latency: 83.50ms | Session: X_ouisq
[IT: 875] Latency: 83.10ms | Session: X_ouisq
[IT: 880] Latency: 83.40ms | Session: X_ouisq
[IT: 885] Latency: 83.30ms | Session: X_ouisq
[IT: 890] Latency: 83.20ms | Session: X_ouisq
[IT: 895] Latency: 83.30ms | Session: X_ouisq
[IT: 900] Latency: 83.70ms | Session: X_ouisq
[IT: 905] Latency: 82.90ms | Session: X_ouisq
[IT: 910] Latency: 83.50ms | Session: X_ouisq
[IT: 915] Latency: 83.30ms | Session: X_ouisq
[IT: 920] Latency: 83.30ms | Session: X_ouisq
[IT: 925] Latency: 83.40ms | Session: X_ouisq
[IT: 930] Latency: 83.30ms | Session: X_ouisq
[IT: 935] Latency: 83.30ms | Session: X_ouisq
[IT: 940] Latency: 83.20ms | Session: X_ouisq
[IT: 945] Latency: 83.50ms | Session: X_ouisq
[IT: 950] Latency: 83.50ms | Session: X_ouisq
[IT: 955] Latency: 83.10ms | Session: X_ouisq
[IT: 960] Latency: 83.50ms | Session: X_ouisq
[IT: 965] Latency: 82.90ms | Session: X_ouisq
[IT: 970] Latency: 83.60ms | Session: X_ouisq
[IT: 975] Latency: 84.90ms | Session: X_ouisq
[IT: 980] Latency: 81.90ms | Session: X_ouisq
[IT: 985] Latency: 84.10ms | Session: X_ouisq
[IT: 990] Latency: 82.40ms | Session: X_ouisq
[IT: 995] Latency: 83.30ms | Session: X_ouisq
[IT: 1000] Latency: 83.50ms | Session: X_ouisq
[IT: 1005] Latency: 83.20ms | Session: X_ouisq
[IT: 1010] Latency: 83.20ms | Session: X_ouisq
[IT: 1015] Latency: 83.60ms | Session: X_ouisq
[IT: 1020] Latency: 83.30ms | Session: X_ouisq
[IT: 1025] Latency: 83.30ms | Session: X_ouisq
[IT: 1030] Latency: 83.30ms | Session: X_ouisq
[IT: 1035] Latency: 83.10ms | Session: X_ouisq
[IT: 1040] Latency: 83.40ms | Session: X_ouisq
[IT: 1045] Latency: 85.10ms | Session: X_ouisq
[IT: 1050] Latency: 81.70ms | Session: X_ouisq
[IT: 1055] Latency: 83.30ms | Session: X_ouisq
[IT: 1060] Latency: 83.40ms | Session: X_ouisq
[IT: 1065] Latency: 83.10ms | Session: X_ouisq
[IT: 1070] Latency: 83.40ms | Session: X_ouisq
[IT: 1075] Latency: 83.30ms | Session: X_ouisq
[IT: 1080] Latency: 83.40ms | Session: X_ouisq
[IT: 1085] Latency: 83.30ms | Session: X_ouisq
[IT: 1090] Latency: 83.30ms | Session: X_ouisq
[IT: 1095] Latency: 83.40ms | Session: X_ouisq
[IT: 1100] Latency: 83.30ms | Session: X_ouisq
[IT: 1105] Latency: 83.30ms | Session: X_ouisq
[IT: 1110] Latency: 83.20ms | Session: X_ouisq
[IT: 1120] Latency: 166.90ms | Session: X_ouisq
[IT: 1130] Latency: 166.50ms | Session: X_ouisq
[IT: 1115] Latency: -249.90ms | Session: X_ouisq
[IT: 1135] Latency: 333.30ms | Session: X_ouisq
[IT: 1145] Latency: 166.60ms | Session: X_ouisq
[IT: 1140] Latency: -83.30ms | Session: X_ouisq
[IT: 1155] Latency: 249.80ms | Session: X_ouisq
[IT: 1160] Latency: 83.50ms | Session: X_ouisq
[IT: 1150] Latency: -166.60ms | Session: X_ouisq
[IT: 1165] Latency: 250.00ms | Session: X_ouisq
[IT: 1170] Latency: 83.30ms | Session: X_ouisq
[IT: 1180] Latency: 166.50ms | Session: X_ouisq
[IT: 1125] Latency: -916.40ms | Session: X_ouisq
[IT: 1185] Latency: 999.90ms | Session: X_ouisq
[IT: 1175] Latency: -165.30ms | Session: X_ouisq
[IT: 1190] Latency: 248.60ms | Session: X_ouisq
[IT: 1195] Latency: 83.30ms | Session: X_ouisq
[IT: 1200] Latency: 83.40ms | Session: X_ouisq
[IT: 1205] Latency: 83.30ms | Session: X_ouisq
[IT: 1210] Latency: 83.40ms | Session: X_ouisq
[IT: 1215] Latency: 83.10ms | Session: X_ouisq
[IT: 1220] Latency: 83.50ms | Session: X_ouisq
[IT: 1225] Latency: 83.30ms | Session: X_ouisq
[IT: 1230] Latency: 83.40ms | Session: X_ouisq
[IT: 1235] Latency: 83.30ms | Session: X_ouisq
[IT: 1240] Latency: 83.10ms | Session: X_ouisq
[IT: 1245] Latency: 83.40ms | Session: X_ouisq
[IT: 1250] Latency: 83.30ms | Session: X_ouisq
[IT: 1255] Latency: 83.30ms | Session: X_ouisq
[IT: 1260] Latency: 83.40ms | Session: X_ouisq
[IT: 1265] Latency: 83.10ms | Session: X_ouisq
[IT: 1270] Latency: 83.40ms | Session: X_ouisq
[IT: 1275] Latency: 83.60ms | Session: X_ouisq
[IT: 1280] Latency: 83.30ms | Session: X_ouisq
[IT: 1285] Latency: 83.30ms | Session: X_ouisq
[IT: 1290] Latency: 83.20ms | Session: X_ouisq
[IT: 1295] Latency: 83.50ms | Session: X_ouisq
[IT: 1300] Latency: 83.30ms | Session: X_ouisq
[IT: 1305] Latency: 83.30ms | Session: X_ouisq
[IT: 1310] Latency: 83.50ms | Session: X_ouisq
[IT: 1315] Latency: 83.10ms | Session: X_ouisq
[IT: 1320] Latency: 83.30ms | Session: X_ouisq
[IT: 1325] Latency: 83.40ms | Session: X_ouisq
[IT: 1330] Latency: 83.40ms | Session: X_ouisq
[IT: 1335] Latency: 84.80ms | Session: X_ouisq
[IT: 1340] Latency: 81.70ms | Session: X_ouisq
[IT: 1345] Latency: 83.50ms | Session: X_ouisq
[IT: 1350] Latency: 83.30ms | Session: X_ouisq
[IT: 1355] Latency: 83.20ms | Session: X_ouisq
[IT: 1360] Latency: 83.30ms | Session: X_ouisq
[IT: 1365] Latency: 83.30ms | Session: X_ouisq
[IT: 1370] Latency: 84.20ms | Session: X_ouisq
[IT: 1375] Latency: 82.50ms | Session: X_ouisq
[IT: 1380] Latency: 83.40ms | Session: X_ouisq
[IT: 1385] Latency: 83.20ms | Session: X_ouisq
[IT: 1390] Latency: 83.40ms | Session: X_ouisq
[IT: 1395] Latency: 83.40ms | Session: X_ouisq
[IT: 1400] Latency: 83.00ms | Session: X_ouisq
[IT: 1405] Latency: 83.70ms | Session: X_ouisq
[IT: 1410] Latency: 83.30ms | Session: X_ouisq
[IT: 1415] Latency: 84.70ms | Session: X_ouisq
[IT: 1425] Latency: 165.20ms | Session: X_ouisq
[IT: 1430] Latency: 83.10ms | Session: X_ouisq
[IT: 1420] Latency: -166.50ms | Session: X_ouisq
[IT: 1435] Latency: 250.00ms | Session: X_ouisq
[IT: 1440] Latency: 83.30ms | Session: X_ouisq
[IT: 1445] Latency: 83.40ms | Session: X_ouisq
[IT: 1450] Latency: 83.30ms | Session: X_ouisq
[IT: 1455] Latency: 84.30ms | Session: X_ouisq
[IT: 1460] Latency: 83.90ms | Session: X_ouisq
[IT: 1465] Latency: 81.90ms | Session: X_ouisq
[IT: 1470] Latency: 83.40ms | Session: X_ouisq
[IT: 1475] Latency: 83.10ms | Session: X_ouisq
[IT: 1480] Latency: 83.30ms | Session: X_ouisq
[IT: 1485] Latency: 85.10ms | Session: X_ouisq
[IT: 1490] Latency: 81.70ms | Session: X_ouisq
[IT: 1495] Latency: 83.50ms | Session: X_ouisq
[IT: 1505] Latency: 166.40ms | Session: X_ouisq
[IT: 1510] Latency: 83.50ms | Session: X_ouisq
[IT: 1500] Latency: -166.80ms | Session: X_ouisq
[IT: 1525] Latency: 416.60ms | Session: X_ouisq
[IT: 1515] Latency: -166.60ms | Session: X_ouisq
[IT: 1520] Latency: 83.30ms | Session: X_ouisq
[IT: 1535] Latency: 249.90ms | Session: X_ouisq
[IT: 1540] Latency: 83.40ms | Session: X_ouisq
[IT: 1530] Latency: -166.60ms | Session: X_ouisq
[IT: 1545] Latency: 250.00ms | Session: X_ouisq
[IT: 1550] Latency: 83.10ms | Session: X_ouisq
[IT: 1555] Latency: 83.50ms | Session: X_ouisq
[IT: 1560] Latency: 83.40ms | Session: X_ouisq
[IT: 1565] Latency: 83.30ms | Session: X_ouisq
[IT: 1570] Latency: 83.30ms | Session: X_ouisq
[IT: 1575] Latency: 83.30ms | Session: X_ouisq
[IT: 1580] Latency: 83.30ms | Session: X_ouisq
[IT: 1585] Latency: 83.20ms | Session: X_ouisq
[IT: 1590] Latency: 83.50ms | Session: X_ouisq
[IT: 1600] Latency: 166.70ms | Session: X_ouisq
[IT: 1605] Latency: 83.40ms | Session: X_ouisq
[IT: 1610] Latency: 83.20ms | Session: X_ouisq
[IT: 1595] Latency: -250.00ms | Session: X_ouisq
[IT: 1615] Latency: 334.30ms | Session: X_ouisq
[IT: 1620] Latency: 82.10ms | Session: X_ouisq
[IT: 1625] Latency: 83.50ms | Session: X_ouisq
[IT: 1630] Latency: 83.20ms | Session: X_ouisq
[IT: 1635] Latency: 83.60ms | Session: X_ouisq
[IT: 1640] Latency: 84.10ms | Session: X_ouisq
[IT: 1645] Latency: 82.60ms | Session: X_ouisq
[IT: 1650] Latency: 83.30ms | Session: X_ouisq
[IT: 1655] Latency: 83.30ms | Session: X_ouisq
[IT: 1660] Latency: 83.30ms | Session: X_ouisq
[IT: 1665] Latency: 83.20ms | Session: X_ouisq
[IT: 1670] Latency: 83.40ms | Session: X_ouisq
[IT: 1675] Latency: 83.40ms | Session: X_ouisq
[IT: 1680] Latency: 83.20ms | Session: X_ouisq
[IT: 1685] Latency: 83.40ms | Session: X_ouisq
[IT: 1690] Latency: 83.30ms | Session: X_ouisq
[IT: 1695] Latency: 83.30ms | Session: X_ouisq
[IT: 1700] Latency: 83.10ms | Session: X_ouisq
[IT: 1705] Latency: 83.50ms | Session: X_ouisq
[IT: 1710] Latency: 83.40ms | Session: X_ouisq
[IT: 1715] Latency: 83.60ms | Session: X_ouisq
[IT: 1720] Latency: 83.20ms | Session: X_ouisq
[IT: 1725] Latency: 83.20ms | Session: X_ouisq
[IT: 1730] Latency: 83.40ms | Session: X_ouisq
[IT: 1735] Latency: 84.30ms | Session: X_ouisq
[IT: 1740] Latency: 82.30ms | Session: X_ouisq
[IT: 1745] Latency: 83.00ms | Session: X_ouisq
[IT: 1750] Latency: 83.60ms | Session: X_ouisq
[IT: 1755] Latency: 83.30ms | Session: X_ouisq
[IT: 1760] Latency: 83.30ms | Session: X_ouisq
[IT: 1765] Latency: 83.10ms | Session: X_ouisq
[IT: 1770] Latency: 83.60ms | Session: X_ouisq
[IT: 1775] Latency: 83.50ms | Session: X_ouisq
[IT: 1780] Latency: 83.20ms | Session: X_ouisq
[IT: 1785] Latency: 83.40ms | Session: X_ouisq
[IT: 1790] Latency: 83.10ms | Session: X_ouisq
[IT: 1795] Latency: 83.60ms | Session: X_ouisq
[IT: 1800] Latency: 83.20ms | Session: X_ouisq
[IT: 1805] Latency: 83.30ms | Session: X_ouisq
[IT: 1810] Latency: 83.30ms | Session: X_ouisq
[IT: 1815] Latency: 83.40ms | Session: X_ouisq
[IT: 1820] Latency: 83.40ms | Session: X_ouisq
[IT: 1825] Latency: 83.30ms | Session: X_ouisq
[IT: 1830] Latency: 83.20ms | Session: X_ouisq
[IT: 1835] Latency: 83.20ms | Session: X_ouisq
[IT: 1840] Latency: 83.50ms | Session: X_ouisq
[IT: 1845] Latency: 83.40ms | Session: X_ouisq
[IT: 1850] Latency: 83.10ms | Session: X_ouisq
[IT: 1855] Latency: 83.80ms | Session: X_ouisq
[IT: 1860] Latency: 82.90ms | Session: X_ouisq
[IT: 1865] Latency: 83.30ms | Session: X_ouisq
[IT: 1870] Latency: 84.40ms | Session: X_ouisq
[IT: 1875] Latency: 82.40ms | Session: X_ouisq
[IT: 1880] Latency: 83.30ms | Session: X_ouisq
[IT: 1885] Latency: 83.40ms | Session: X_ouisq
[IT: 1895] Latency: 166.80ms | Session: X_ouisq
[IT: 1890] Latency: -83.60ms | Session: X_ouisq
[IT: 1900] Latency: 166.80ms | Session: X_ouisq
[IT: 1905] Latency: 83.40ms | Session: X_ouisq
[IT: 1910] Latency: 83.10ms | Session: X_ouisq
[IT: 1915] Latency: 83.30ms | Session: X_ouisq
[IT: 1920] Latency: 83.50ms | Session: X_ouisq
[IT: 1925] Latency: 83.10ms | Session: X_ouisq
[IT: 1930] Latency: 83.40ms | Session: X_ouisq
[IT: 1935] Latency: 83.20ms | Session: X_ouisq
[IT: 1940] Latency: 83.60ms | Session: X_ouisq
[IT: 1945] Latency: 83.40ms | Session: X_ouisq
[IT: 1950] Latency: 83.20ms | Session: X_ouisq
[IT: 1955] Latency: 83.20ms | Session: X_ouisq
[IT: 1960] Latency: 83.40ms | Session: X_ouisq
[IT: 1965] Latency: 83.20ms | Session: X_ouisq
[IT: 1970] Latency: 83.50ms | Session: X_ouisq
[IT: 1980] Latency: 166.70ms | Session: X_ouisq
[IT: 1975] Latency: -83.60ms | Session: X_ouisq
[IT: 1985] Latency: 166.80ms | Session: X_ouisq
[IT: 1990] Latency: 83.40ms | Session: X_ouisq
[IT: 1995] Latency: 83.20ms | Session: X_ouisq
[IT: 2000] Latency: 83.40ms | Session: X_ouisq
[IT: 2005] Latency: 83.40ms | Session: X_ouisq
[IT: 2010] Latency: 83.10ms | Session: X_ouisq
[IT: 2015] Latency: 83.60ms | Session: X_ouisq
[IT: 2020] Latency: 84.90ms | Session: X_ouisq
[IT: 2025] Latency: 83.70ms | Session: X_ouisq
[IT: 2035] Latency: 164.60ms | Session: X_ouisq
[IT: 2040] Latency: 83.20ms | Session: X_ouisq
[IT: 2030] Latency: -166.50ms | Session: X_ouisq
[IT: 2045] Latency: 249.90ms | Session: X_ouisq
[IT: 2050] Latency: 83.40ms | Session: X_ouisq
[IT: 2055] Latency: 83.40ms | Session: X_ouisq
[IT: 2070] Latency: 249.90ms | Session: X_ouisq
[IT: 2060] Latency: -166.50ms | Session: X_ouisq
[IT: 2065] Latency: 83.20ms | Session: X_ouisq
[IT: 2080] Latency: 249.90ms | Session: X_ouisq
[IT: 2075] Latency: -83.30ms | Session: X_ouisq
[IT: 2090] Latency: 250.10ms | Session: X_ouisq
[IT: 2095] Latency: 83.00ms | Session: X_ouisq
[IT: 2085] Latency: -166.40ms | Session: X_ouisq
[IT: 2100] Latency: 249.90ms | Session: X_ouisq
[IT: 2105] Latency: 83.30ms | Session: X_ouisq
[IT: 2110] Latency: 83.30ms | Session: X_ouisq
[IT: 2120] Latency: 166.70ms | Session: X_ouisq
[IT: 2125] Latency: 83.50ms | Session: X_ouisq
[IT: 2115] Latency: -166.80ms | Session: X_ouisq
[IT: 2130] Latency: 250.10ms | Session: X_ouisq
[IT: 2135] Latency: 83.20ms | Session: X_ouisq
[IT: 2140] Latency: 83.10ms | Session: X_ouisq
[IT: 2145] Latency: 84.80ms | Session: X_ouisq
[IT: 2150] Latency: 82.40ms | Session: X_ouisq
[IT: 2155] Latency: 82.90ms | Session: X_ouisq
[IT: 2165] Latency: 168.60ms | Session: X_ouisq
[IT: 2170] Latency: 81.60ms | Session: X_ouisq
[IT: 2160] Latency: -165.80ms | Session: X_ouisq
[IT: 2175] Latency: 249.20ms | Session: X_ouisq
[IT: 2180] Latency: 83.10ms | Session: X_ouisq
[IT: 2185] Latency: 83.40ms | Session: X_ouisq
[IT: 2190] Latency: 83.30ms | Session: X_ouisq
[IT: 2195] Latency: 83.50ms | Session: X_ouisq
[IT: 2200] Latency: 83.10ms | Session: X_ouisq
[IT: 2210] Latency: 166.80ms | Session: X_ouisq
[IT: 2215] Latency: 83.40ms | Session: X_ouisq
[IT: 2205] Latency: -166.80ms | Session: X_ouisq
[IT: 2220] Latency: 250.20ms | Session: X_ouisq
[IT: 2225] Latency: 83.60ms | Session: X_ouisq
[IT: 2230] Latency: 82.80ms | Session: X_ouisq
[IT: 2235] Latency: 83.40ms | Session: X_ouisq
[IT: 2240] Latency: 83.30ms | Session: X_ouisq
[IT: 2245] Latency: 83.40ms | Session: X_ouisq
[IT: 2250] Latency: 83.30ms | Session: X_ouisq
[IT: 2255] Latency: 83.30ms | Session: X_ouisq
[IT: 2260] Latency: 83.40ms | Session: X_ouisq
[IT: 2265] Latency: 83.40ms | Session: X_ouisq
[IT: 2270] Latency: 83.10ms | Session: X_ouisq
[IT: 2275] Latency: 83.20ms | Session: X_ouisq
[IT: 2280] Latency: 83.60ms | Session: X_ouisq
[IT: 2285] Latency: 83.10ms | Session: X_ouisq
[IT: 2290] Latency: 83.50ms | Session: X_ouisq
[IT: 2295] Latency: 83.20ms | Session: X_ouisq
[IT: 2300] Latency: 83.10ms | Session: X_ouisq
[IT: 2305] Latency: 83.60ms | Session: X_ouisq
[IT: 2310] Latency: 83.30ms | Session: X_ouisq
[IT: 2315] Latency: 83.40ms | Session: X_ouisq
[IT: 2320] Latency: 83.50ms | Session: X_ouisq
[IT: 2325] Latency: 83.30ms | Session: X_ouisq
[IT: 2330] Latency: 83.10ms | Session: X_ouisq
[IT: 2335] Latency: 83.50ms | Session: X_ouisq
[IT: 2340] Latency: 83.20ms | Session: X_ouisq
[IT: 2345] Latency: 83.30ms | Session: X_ouisq
[IT: 2350] Latency: 83.40ms | Session: X_ouisq
[IT: 2355] Latency: 83.30ms | Session: X_ouisq
[IT: 2360] Latency: 83.30ms | Session: X_ouisq
[IT: 2365] Latency: 83.70ms | Session: X_ouisq
[IT: 2370] Latency: 83.00ms | Session: X_ouisq
[IT: 2375] Latency: 83.40ms | Session: X_ouisq
[IT: 2380] Latency: 83.70ms | Session: X_ouisq
[IT: 2385] Latency: 83.70ms | Session: X_ouisq
[IT: 2390] Latency: 82.40ms | Session: X_ouisq
[IT: 2395] Latency: 83.40ms | Session: X_ouisq
[IT: 2400] Latency: 83.40ms | Session: X_ouisq
[IT: 2405] Latency: 83.40ms | Session: X_ouisq
[IT: 2410] Latency: 83.10ms | Session: X_ouisq
[IT: 2415] Latency: 83.40ms | Session: X_ouisq
[IT: 2420] Latency: 83.40ms | Session: X_ouisq
[IT: 2425] Latency: 83.30ms | Session: X_ouisq
[IT: 2430] Latency: 83.20ms | Session: X_ouisq
[IT: 2435] Latency: 83.40ms | Session: X_ouisq
[IT: 2440] Latency: 83.40ms | Session: X_ouisq
[IT: 2445] Latency: 83.20ms | Session: X_ouisq
[IT: 2450] Latency: 83.50ms | Session: X_ouisq
[IT: 2455] Latency: 85.00ms | Session: X_ouisq
[IT: 2460] Latency: 81.50ms | Session: X_ouisq
[IT: 2465] Latency: 83.40ms | Session: X_ouisq
[IT: 2470] Latency: 83.20ms | Session: X_ouisq
[IT: 2475] Latency: 83.40ms | Session: X_ouisq
[IT: 2480] Latency: 83.30ms | Session: X_ouisq
[IT: 2485] Latency: 83.30ms | Session: X_ouisq
[IT: 2490] Latency: 83.50ms | Session: X_ouisq
[IT: 2495] Latency: 83.20ms | Session: X_ouisq
[IT: 2500] Latency: 83.40ms | Session: X_ouisq
[IT: 2505] Latency: 83.30ms | Session: X_ouisq
[IT: 2510] Latency: 83.40ms | Session: X_ouisq
[IT: 2515] Latency: 83.40ms | Session: X_ouisq
[IT: 2520] Latency: 83.20ms | Session: X_ouisq
[IT: 2525] Latency: 83.30ms | Session: X_ouisq
[IT: 2530] Latency: 83.20ms | Session: X_ouisq
[IT: 2535] Latency: 83.50ms | Session: X_ouisq
[IT: 2540] Latency: 83.20ms | Session: X_ouisq
[IT: 2545] Latency: 83.50ms | Session: X_ouisq
[IT: 2550] Latency: 83.30ms | Session: X_ouisq
[IT: 2555] Latency: 83.70ms | Session: X_ouisq
[IT: 2560] Latency: 82.80ms | Session: X_ouisq
[IT: 2565] Latency: 83.50ms | Session: X_ouisq
[IT: 2570] Latency: 83.10ms | Session: X_ouisq
[IT: 2575] Latency: 83.50ms | Session: X_ouisq
[IT: 2580] Latency: 83.20ms | Session: X_ouisq
[IT: 2585] Latency: 83.50ms | Session: X_ouisq
[IT: 2590] Latency: 83.20ms | Session: X_ouisq
[IT: 2595] Latency: 83.40ms | Session: X_ouisq
[IT: 2600] Latency: 83.30ms | Session: X_ouisq
[IT: 2605] Latency: 83.40ms | Session: X_ouisq
[IT: 2610] Latency: 83.30ms | Session: X_ouisq
[IT: 2615] Latency: 83.10ms | Session: X_ouisq
[IT: 2620] Latency: 83.50ms | Session: X_ouisq
[IT: 2625] Latency: 83.30ms | Session: X_ouisq
[IT: 2630] Latency: 83.40ms | Session: X_ouisq
[IT: 2635] Latency: 84.60ms | Session: X_ouisq
[IT: 2640] Latency: 82.10ms | Session: X_ouisq
[IT: 2645] Latency: 84.50ms | Session: X_ouisq
[IT: 2650] Latency: 82.10ms | Session: X_ouisq
[IT: 2655] Latency: 83.30ms | Session: X_ouisq
[IT: 2660] Latency: 83.40ms | Session: X_ouisq
[IT: 2665] Latency: 83.20ms | Session: X_ouisq
[IT: 2675] Latency: 166.90ms | Session: X_ouisq
[IT: 2670] Latency: -83.50ms | Session: X_ouisq
[IT: 2685] Latency: 250.00ms | Session: X_ouisq
[IT: 2680] Latency: -83.30ms | Session: X_ouisq
[IT: 2690] Latency: 166.50ms | Session: X_ouisq
[IT: 2695] Latency: 83.40ms | Session: X_ouisq
[IT: 2700] Latency: 83.30ms | Session: X_ouisq
[IT: 2705] Latency: 83.30ms | Session: X_ouisq
[IT: 2710] Latency: 83.40ms | Session: X_ouisq
[IT: 2715] Latency: 83.30ms | Session: X_ouisq
[IT: 2720] Latency: 83.20ms | Session: X_ouisq
[IT: 2725] Latency: 85.10ms | Session: X_ouisq
[IT: 2730] Latency: 81.60ms | Session: X_ouisq
[IT: 2735] Latency: 83.50ms | Session: X_ouisq
[IT: 2740] Latency: 83.20ms | Session: X_ouisq
[IT: 2745] Latency: 83.20ms | Session: X_ouisq
[IT: 2750] Latency: 83.60ms | Session: X_ouisq
[IT: 2755] Latency: 83.20ms | Session: X_ouisq
[IT: 2760] Latency: 83.30ms | Session: X_ouisq
[IT: 2765] Latency: 83.60ms | Session: X_ouisq
[IT: 2770] Latency: 83.20ms | Session: X_ouisq
[IT: 2775] Latency: 83.20ms | Session: X_ouisq
[IT: 2785] Latency: 166.50ms | Session: X_ouisq
[IT: 2790] Latency: 83.60ms | Session: X_ouisq
[IT: 2780] Latency: -166.70ms | Session: X_ouisq
[IT: 2795] Latency: 249.80ms | Session: X_ouisq
[IT: 2800] Latency: 83.60ms | Session: X_ouisq
[IT: 2805] Latency: 83.30ms | Session: X_ouisq
[IT: 2815] Latency: 166.50ms | Session: X_ouisq
[IT: 2820] Latency: 83.30ms | Session: X_ouisq
[IT: 2810] Latency: -166.60ms | Session: X_ouisq
[IT: 2825] Latency: 250.10ms | Session: X_ouisq
[IT: 2835] Latency: 166.30ms | Session: X_ouisq
[IT: 2840] Latency: 83.60ms | Session: X_ouisq
[IT: 2830] Latency: -166.90ms | Session: X_ouisq
[IT: 2845] Latency: 250.20ms | Session: X_ouisq
[IT: 2850] Latency: 83.30ms | Session: X_ouisq
[IT: 2855] Latency: 83.40ms | Session: X_ouisq
[IT: 2860] Latency: 83.30ms | Session: X_ouisq
[IT: 2865] Latency: 83.20ms | Session: X_ouisq
[IT: 2870] Latency: 83.40ms | Session: X_ouisq
[IT: 2875] Latency: 83.40ms | Session: X_ouisq
[IT: 2880] Latency: 83.20ms | Session: X_ouisq
[IT: 2885] Latency: 83.40ms | Session: X_ouisq
[IT: 2890] Latency: 83.40ms | Session: X_ouisq
[IT: 2895] Latency: 83.10ms | Session: X_ouisq
[IT: 2900] Latency: 83.40ms | Session: X_ouisq
[IT: 2905] Latency: 83.30ms | Session: X_ouisq
[IT: 2910] Latency: 83.40ms | Session: X_ouisq
[IT: 2915] Latency: 83.30ms | Session: X_ouisq
[IT: 2920] Latency: 83.30ms | Session: X_ouisq
[IT: 2925] Latency: 83.40ms | Session: X_ouisq
[IT: 2930] Latency: 83.30ms | Session: X_ouisq
[IT: 2935] Latency: 83.50ms | Session: X_ouisq
[IT: 2940] Latency: 83.10ms | Session: X_ouisq
[IT: 2945] Latency: 83.50ms | Session: X_ouisq
[IT: 2950] Latency: 83.30ms | Session: X_ouisq
[IT: 2955] Latency: 83.30ms | Session: X_ouisq
[IT: 2960] Latency: 83.30ms | Session: X_ouisq
[IT: 2965] Latency: 83.50ms | Session: X_ouisq
[IT: 2970] Latency: 83.20ms | Session: X_ouisq
[IT: 2975] Latency: 83.50ms | Session: X_ouisq
[IT: 2980] Latency: 83.10ms | Session: X_ouisq
[IT: 2985] Latency: 83.30ms | Session: X_ouisq
[IT: 2990] Latency: 83.50ms | Session: X_ouisq
[IT: 2995] Latency: 83.20ms | Session: X_ouisq
[IT: 3000] Latency: 83.30ms | Session: X_ouisq
[IT: 3005] Latency: 83.40ms | Session: X_ouisq
[IT: 3010] Latency: 83.20ms | Session: X_ouisq
[IT: 3015] Latency: 83.50ms | Session: X_ouisq
[IT: 3020] Latency: 83.20ms | Session: X_ouisq
[IT: 3025] Latency: 83.40ms | Session: X_ouisq
[IT: 3030] Latency: 83.10ms | Session: X_ouisq
[IT: 3035] Latency: 83.40ms | Session: X_ouisq
[IT: 3040] Latency: 83.20ms | Session: X_ouisq
[IT: 3045] Latency: 83.60ms | Session: X_ouisq
[IT: 3050] Latency: 83.20ms | Session: X_ouisq
[IT: 3055] Latency: 83.50ms | Session: X_ouisq
[IT: 3060] Latency: 83.20ms | Session: X_ouisq
[IT: 3065] Latency: 83.30ms | Session: X_ouisq
[IT: 3070] Latency: 83.40ms | Session: X_ouisq
[IT: 3080] Latency: 166.70ms | Session: X_ouisq
[IT: 3085] Latency: 83.40ms | Session: X_ouisq
[IT: 3075] Latency: -166.80ms | Session: X_ouisq
[IT: 3090] Latency: 249.90ms | Session: X_ouisq
[IT: 3095] Latency: 83.30ms | Session: X_ouisq
[IT: 3100] Latency: 83.50ms | Session: X_ouisq
[IT: 3105] Latency: 83.40ms | Session: X_ouisq
[IT: 3110] Latency: 83.20ms | Session: X_ouisq
[IT: 3115] Latency: 83.40ms | Session: X_ouisq
[IT: 3120] Latency: 83.10ms | Session: X_ouisq
[IT: 3130] Latency: 166.90ms | Session: X_ouisq
[IT: 3135] Latency: 83.10ms | Session: X_ouisq
[IT: 3125] Latency: -166.60ms | Session: X_ouisq
[IT: 3145] Latency: 333.30ms | Session: X_ouisq
[IT: 3150] Latency: 83.30ms | Session: X_ouisq
[IT: 3160] Latency: 166.80ms | Session: X_ouisq
[IT: 3140] Latency: -333.30ms | Session: X_ouisq
[IT: 3155] Latency: 249.90ms | Session: X_ouisq
[IT: 3170] Latency: 249.90ms | Session: X_ouisq
[IT: 3165] Latency: -82.10ms | Session: X_ouisq
[IT: 3175] Latency: 165.40ms | Session: X_ouisq
[IT: 3180] Latency: 83.60ms | Session: X_ouisq
[IT: 3185] Latency: 83.20ms | Session: X_ouisq
[IT: 3190] Latency: 83.00ms | Session: X_ouisq
[IT: 3195] Latency: 83.40ms | Session: X_ouisq
[IT: 3200] Latency: 83.40ms | Session: X_ouisq
[IT: 3210] Latency: 166.60ms | Session: X_ouisq
[IT: 3215] Latency: 83.60ms | Session: X_ouisq
[IT: 3205] Latency: -167.00ms | Session: X_ouisq
[IT: 3220] Latency: 250.40ms | Session: X_ouisq
[IT: 3225] Latency: 83.20ms | Session: X_ouisq
[IT: 3230] Latency: 83.20ms | Session: X_ouisq
[IT: 3235] Latency: 83.60ms | Session: X_ouisq
[IT: 3240] Latency: 83.00ms | Session: X_ouisq
[IT: 3245] Latency: 83.50ms | Session: X_ouisq
[IT: 3250] Latency: 83.40ms | Session: X_ouisq
[IT: 3255] Latency: 83.90ms | Session: X_ouisq
[IT: 3260] Latency: 83.90ms | Session: X_ouisq
[IT: 3265] Latency: 82.20ms | Session: X_ouisq
[IT: 3270] Latency: 83.10ms | Session: X_ouisq
[IT: 3275] Latency: 83.50ms | Session: X_ouisq
[IT: 3280] Latency: 83.20ms | Session: X_ouisq
[IT: 3285] Latency: 83.40ms | Session: X_ouisq
[IT: 3290] Latency: 84.20ms | Session: X_ouisq
[IT: 3295] Latency: 82.50ms | Session: X_ouisq
[IT: 3300] Latency: 83.10ms | Session: X_ouisq
[IT: 3305] Latency: 83.40ms | Session: X_ouisq
[IT: 3310] Latency: 83.20ms | Session: X_ouisq
[IT: 3315] Latency: 83.70ms | Session: X_ouisq
[IT: 3320] Latency: 83.10ms | Session: X_ouisq
[IT: 3325] Latency: 83.30ms | Session: X_ouisq
[IT: 3330] Latency: 83.40ms | Session: X_ouisq
[IT: 3335] Latency: 83.50ms | Session: X_ouisq
[IT: 3340] Latency: 83.30ms | Session: X_ouisq
[IT: 3345] Latency: 83.20ms | Session: X_ouisq
[IT: 3350] Latency: 83.20ms | Session: X_ouisq
[IT: 3355] Latency: 83.40ms | Session: X_ouisq
[IT: 3360] Latency: 83.40ms | Session: X_ouisq
[IT: 3365] Latency: 83.20ms | Session: X_ouisq
[IT: 3370] Latency: 83.40ms | Session: X_ouisq
[IT: 3375] Latency: 83.40ms | Session: X_ouisq
[IT: 3380] Latency: 83.10ms | Session: X_ouisq
[IT: 3385] Latency: 83.50ms | Session: X_ouisq
[IT: 3390] Latency: 83.20ms | Session: X_ouisq
[IT: 3395] Latency: 83.40ms | Session: X_ouisq
[IT: 3400] Latency: 83.30ms | Session: X_ouisq
[IT: 3405] Latency: 83.60ms | Session: X_ouisq
[IT: 3410] Latency: 82.90ms | Session: X_ouisq
[IT: 3415] Latency: 83.40ms | Session: X_ouisq
[IT: 3420] Latency: 83.40ms | Session: X_ouisq
[IT: 3425] Latency: 83.50ms | Session: X_ouisq
[IT: 3430] Latency: 83.50ms | Session: X_ouisq
[IT: 3435] Latency: 83.00ms | Session: X_ouisq
[IT: 3440] Latency: 83.40ms | Session: X_ouisq
[IT: 3445] Latency: 83.40ms | Session: X_ouisq
[IT: 3450] Latency: 83.30ms | Session: X_ouisq
[IT: 3455] Latency: 83.40ms | Session: X_ouisq
[IT: 3460] Latency: 83.30ms | Session: X_ouisq
[IT: 3465] Latency: 83.20ms | Session: X_ouisq
[IT: 3470] Latency: 83.20ms | Session: X_ouisq
[IT: 3480] Latency: 166.60ms | Session: X_ouisq
[IT: 3475] Latency: -83.00ms | Session: X_ouisq
[IT: 3490] Latency: 250.00ms | Session: X_ouisq
[IT: 3485] Latency: -83.30ms | Session: X_ouisq
[IT: 3495] Latency: 166.30ms | Session: X_ouisq
[IT: 3500] Latency: 83.30ms | Session: X_ouisq
[IT: 3505] Latency: 83.60ms | Session: X_ouisq
[IT: 3510] Latency: 83.30ms | Session: X_ouisq
[IT: 3515] Latency: 83.20ms | Session: X_ouisq
[IT: 3520] Latency: 83.40ms | Session: X_ouisq
[IT: 3525] Latency: 83.30ms | Session: X_ouisq
[IT: 3530] Latency: 83.50ms | Session: X_ouisq
[IT: 3535] Latency: 83.30ms | Session: X_ouisq
[IT: 3540] Latency: 83.10ms | Session: X_ouisq
[IT: 3545] Latency: 83.60ms | Session: X_ouisq
[IT: 3550] Latency: 83.20ms | Session: X_ouisq
[IT: 3555] Latency: 83.20ms | Session: X_ouisq
[IT: 3560] Latency: 83.40ms | Session: X_ouisq
[IT: 3565] Latency: 83.40ms | Session: X_ouisq
[IT: 3570] Latency: 83.10ms | Session: X_ouisq
[IT: 3575] Latency: 83.60ms | Session: X_ouisq
[IT: 3580] Latency: 84.70ms | Session: X_ouisq
[IT: 3590] Latency: 165.10ms | Session: X_ouisq
[IT: 3585] Latency: -83.20ms | Session: X_ouisq
[IT: 3600] Latency: 250.00ms | Session: X_ouisq
[IT: 3605] Latency: 84.70ms | Session: X_ouisq
[IT: 3595] Latency: -168.10ms | Session: X_ouisq
[IT: 3610] Latency: 249.90ms | Session: X_ouisq
[IT: 3615] Latency: 83.40ms | Session: X_ouisq
[IT: 3620] Latency: 83.30ms | Session: X_ouisq
[IT: 3625] Latency: 83.40ms | Session: X_ouisq
[IT: 3630] Latency: 83.30ms | Session: X_ouisq
[IT: 3635] Latency: 83.20ms | Session: X_ouisq
[IT: 3640] Latency: 83.50ms | Session: X_ouisq
[IT: 3645] Latency: 83.10ms | Session: X_ouisq
[IT: 3650] Latency: 83.40ms | Session: X_ouisq
[IT: 3655] Latency: 83.30ms | Session: X_ouisq
[IT: 3660] Latency: 83.40ms | Session: X_ouisq
[IT: 3665] Latency: 83.50ms | Session: X_ouisq
[IT: 3670] Latency: 83.00ms | Session: X_ouisq
[IT: 3675] Latency: 83.40ms | Session: X_ouisq
[IT: 3680] Latency: 83.50ms | Session: X_ouisq
[IT: 3685] Latency: 83.30ms | Session: X_ouisq
[IT: 3690] Latency: 83.30ms | Session: X_ouisq
[IT: 3695] Latency: 83.40ms | Session: X_ouisq
[IT: 3700] Latency: 83.30ms | Session: X_ouisq
[IT: 3705] Latency: 83.30ms | Session: X_ouisq
[IT: 3710] Latency: 83.20ms | Session: X_ouisq
[IT: 3715] Latency: 83.40ms | Session: X_ouisq
[IT: 3720] Latency: 85.10ms | Session: X_ouisq
[IT: 3725] Latency: 81.60ms | Session: X_ouisq
[IT: 3730] Latency: 83.10ms | Session: X_ouisq
[IT: 3735] Latency: 83.60ms | Session: X_ouisq
[IT: 3740] Latency: 83.30ms | Session: X_ouisq
[IT: 3755] Latency: 250.00ms | Session: X_ouisq
[IT: 3745] Latency: -166.80ms | Session: X_ouisq
[IT: 3750] Latency: 83.50ms | Session: X_ouisq
[IT: 3760] Latency: 166.60ms | Session: X_ouisq
[IT: 3765] Latency: 83.40ms | Session: X_ouisq
[IT: 3770] Latency: 83.30ms | Session: X_ouisq
[IT: 3775] Latency: 83.20ms | Session: X_ouisq
[IT: 3780] Latency: 83.30ms | Session: X_ouisq
[IT: 3785] Latency: 83.40ms | Session: X_ouisq
[IT: 3790] Latency: 83.10ms | Session: X_ouisq
[IT: 3795] Latency: 83.60ms | Session: X_ouisq
[IT: 3800] Latency: 83.30ms | Session: X_ouisq
[IT: 3805] Latency: 83.40ms | Session: X_ouisq
[IT: 3810] Latency: 83.30ms | Session: X_ouisq
[IT: 3815] Latency: 83.20ms | Session: X_ouisq
[IT: 3820] Latency: 83.40ms | Session: X_ouisq
[IT: 3825] Latency: 83.30ms | Session: X_ouisq
[IT: 3830] Latency: 84.00ms | Session: X_ouisq
[IT: 3835] Latency: 82.90ms | Session: X_ouisq
[IT: 3840] Latency: 83.10ms | Session: X_ouisq
[IT: 3845] Latency: 83.30ms | Session: X_ouisq
[IT: 3850] Latency: 83.00ms | Session: X_ouisq
[IT: 3855] Latency: 83.60ms | Session: X_ouisq
[IT: 3860] Latency: 83.40ms | Session: X_ouisq
[IT: 3865] Latency: 83.30ms | Session: X_ouisq
[IT: 3870] Latency: 83.30ms | Session: X_ouisq
[IT: 3875] Latency: 83.40ms | Session: X_ouisq
[IT: 3880] Latency: 83.40ms | Session: X_ouisq
[IT: 3885] Latency: 83.20ms | Session: X_ouisq
[IT: 3890] Latency: 83.40ms | Session: X_ouisq
[IT: 3895] Latency: 83.20ms | Session: X_ouisq
[IT: 3900] Latency: 84.30ms | Session: X_ouisq
[IT: 3905] Latency: 82.60ms | Session: X_ouisq
[IT: 3910] Latency: 83.10ms | Session: X_ouisq
[IT: 3915] Latency: 83.30ms | Session: X_ouisq
[IT: 3920] Latency: 83.40ms | Session: X_ouisq
[IT: 3925] Latency: 84.80ms | Session: X_ouisq
[IT: 3930] Latency: 81.80ms | Session: X_ouisq
[IT: 3935] Latency: 83.30ms | Session: X_ouisq
[IT: 3940] Latency: 83.40ms | Session: X_ouisq
[IT: 3945] Latency: 83.40ms | Session: X_ouisq
[IT: 3950] Latency: 84.40ms | Session: X_ouisq
[IT: 3955] Latency: 82.30ms | Session: X_ouisq
[IT: 3960] Latency: 83.20ms | Session: X_ouisq
[IT: 3965] Latency: 85.20ms | Session: X_ouisq
[IT: 3970] Latency: 81.50ms | Session: X_ouisq
[IT: 3975] Latency: 83.30ms | Session: X_ouisq
[IT: 3980] Latency: 83.30ms | Session: X_ouisq
[IT: 3985] Latency: 83.10ms | Session: X_ouisq
[IT: 3990] Latency: 83.40ms | Session: X_ouisq
[IT: 3995] Latency: 83.50ms | Session: X_ouisq
[IT: 4000] Latency: 83.10ms | Session: X_ouisq
[IT: 4005] Latency: 83.60ms | Session: X_ouisq
[IT: 4010] Latency: 83.30ms | Session: X_ouisq
[IT: 4015] Latency: 84.40ms | Session: X_ouisq
[IT: 4020] Latency: 82.40ms | Session: X_ouisq
[IT: 4025] Latency: 83.20ms | Session: X_ouisq
[IT: 4030] Latency: 83.20ms | Session: X_ouisq
[IT: 4035] Latency: 83.20ms | Session: X_ouisq
[IT: 4040] Latency: 83.50ms | Session: X_ouisq
[IT: 4045] Latency: 83.30ms | Session: X_ouisq
[IT: 4050] Latency: 83.40ms | Session: X_ouisq
[IT: 4055] Latency: 83.10ms | Session: X_ouisq
[IT: 4060] Latency: 83.40ms | Session: X_ouisq
[IT: 4065] Latency: 83.50ms | Session: X_ouisq
[IT: 4070] Latency: 83.10ms | Session: X_ouisq
[IT: 4075] Latency: 83.60ms | Session: X_ouisq
[IT: 4080] Latency: 83.30ms | Session: X_ouisq
[IT: 4085] Latency: 83.30ms | Session: X_ouisq
[IT: 4090] Latency: 83.40ms | Session: X_ouisq
[IT: 4095] Latency: 83.50ms | Session: X_ouisq
[IT: 4100] Latency: 83.00ms | Session: X_ouisq
[IT: 4105] Latency: 83.30ms | Session: X_ouisq
[IT: 4110] Latency: 83.40ms | Session: X_ouisq
[IT: 4115] Latency: 83.40ms | Session: X_ouisq
[IT: 4120] Latency: 83.30ms | Session: X_ouisq
[IT: 4125] Latency: 83.10ms | Session: X_ouisq
[IT: 4130] Latency: 83.60ms | Session: X_ouisq
[IT: 4135] Latency: 83.10ms | Session: X_ouisq
[IT: 4140] Latency: 83.40ms | Session: X_ouisq
[IT: 4145] Latency: 83.30ms | Session: X_ouisq
[IT: 4150] Latency: 83.40ms | Session: X_ouisq
[IT: 4155] Latency: 83.40ms | Session: X_ouisq
[IT: 4160] Latency: 83.30ms | Session: X_ouisq
[IT: 4165] Latency: 83.30ms | Session: X_ouisq
[IT: 4170] Latency: 83.50ms | Session: X_ouisq
[IT: 4175] Latency: 83.20ms | Session: X_ouisq
[IT: 4180] Latency: 83.20ms | Session: X_ouisq
[IT: 4185] Latency: 83.40ms | Session: X_ouisq
[IT: 4190] Latency: 83.40ms | Session: X_ouisq
[IT: 4195] Latency: 83.30ms | Session: X_ouisq
[IT: 4200] Latency: 83.20ms | Session: X_ouisq
[IT: 4205] Latency: 83.50ms | Session: X_ouisq
[IT: 4210] Latency: 83.30ms | Session: X_ouisq
[IT: 4215] Latency: 83.30ms | Session: X_ouisq
[IT: 4220] Latency: 83.10ms | Session: X_ouisq
[IT: 4225] Latency: 83.60ms | Session: X_ouisq
[IT: 4230] Latency: 83.20ms | Session: X_ouisq
[IT: 4235] Latency: 83.30ms | Session: X_ouisq
[IT: 4240] Latency: 83.50ms | Session: X_ouisq
[IT: 4245] Latency: 83.40ms | Session: X_ouisq
[IT: 4250] Latency: 83.10ms | Session: X_ouisq
[IT: 4255] Latency: 83.40ms | Session: X_ouisq
[IT: 4260] Latency: 83.20ms | Session: X_ouisq
[IT: 4265] Latency: 83.30ms | Session: X_ouisq
[IT: 4270] Latency: 83.40ms | Session: X_ouisq
[IT: 4275] Latency: 83.30ms | Session: X_ouisq
[IT: 4285] Latency: 166.70ms | Session: X_ouisq
[IT: 4295] Latency: 166.70ms | Session: X_ouisq
[IT: 4290] Latency: -83.30ms | Session: X_ouisq
[IT: 4305] Latency: 249.90ms | Session: X_ouisq
[IT: 4300] Latency: -83.30ms | Session: X_ouisq
[IT: 4310] Latency: 167.00ms | Session: X_ouisq
[IT: 4315] Latency: 82.90ms | Session: X_ouisq
[IT: 4320] Latency: 83.50ms | Session: X_ouisq
[IT: 4280] Latency: -666.70ms | Session: X_ouisq
[IT: 4325] Latency: 750.00ms | Session: X_ouisq
[IT: 4330] Latency: 83.30ms | Session: X_ouisq
[IT: 4335] Latency: 83.30ms | Session: X_ouisq
[IT: 4340] Latency: 83.30ms | Session: X_ouisq
[IT: 4345] Latency: 83.40ms | Session: X_ouisq
[IT: 4350] Latency: 83.40ms | Session: X_ouisq
[IT: 4360] Latency: 166.60ms | Session: X_ouisq
[IT: 4365] Latency: 83.20ms | Session: X_ouisq
[IT: 4370] Latency: 83.20ms | Session: X_ouisq
[IT: 4375] Latency: 83.70ms | Session: X_ouisq
[IT: 4380] Latency: 83.00ms | Session: X_ouisq
[IT: 4355] Latency: -416.40ms | Session: X_ouisq
[IT: 4385] Latency: 500.00ms | Session: X_ouisq
[IT: 4390] Latency: 83.20ms | Session: X_ouisq
[IT: 4395] Latency: 83.10ms | Session: X_ouisq
[IT: 4400] Latency: 83.80ms | Session: X_ouisq
[IT: 4405] Latency: 83.60ms | Session: X_ouisq
[IT: 4410] Latency: 82.80ms | Session: X_ouisq
[IT: 4415] Latency: 83.30ms | Session: X_ouisq
[IT: 4420] Latency: 83.30ms | Session: X_ouisq
[IT: 4425] Latency: 83.20ms | Session: X_ouisq
[IT: 4430] Latency: 85.00ms | Session: X_ouisq
[IT: 4440] Latency: 165.20ms | Session: X_ouisq
[IT: 4445] Latency: 83.20ms | Session: X_ouisq
[IT: 4450] Latency: 83.50ms | Session: X_ouisq
[IT: 4455] Latency: 83.20ms | Session: X_ouisq
[IT: 4435] Latency: -333.30ms | Session: X_ouisq
[IT: 4460] Latency: 416.50ms | Session: X_ouisq
[IT: 4465] Latency: 83.60ms | Session: X_ouisq
[IT: 4470] Latency: 83.30ms | Session: X_ouisq
[IT: 4475] Latency: 83.20ms | Session: X_ouisq
[IT: 4480] Latency: 83.30ms | Session: X_ouisq
[IT: 4485] Latency: 83.30ms | Session: X_ouisq
[IT: 4490] Latency: 83.40ms | Session: X_ouisq
[IT: 4495] Latency: 83.40ms | Session: X_ouisq
[IT: 4500] Latency: 83.00ms | Session: X_ouisq
[IT: 4505] Latency: 83.60ms | Session: X_ouisq
[IT: 4510] Latency: 83.30ms | Session: X_ouisq
[IT: 4515] Latency: 83.30ms | Session: X_ouisq
[IT: 4520] Latency: 83.50ms | Session: X_ouisq
[IT: 4525] Latency: 83.20ms | Session: X_ouisq
[IT: 4530] Latency: 83.20ms | Session: X_ouisq
[IT: 4535] Latency: 83.50ms | Session: X_ouisq
[IT: 4540] Latency: 83.40ms | Session: X_ouisq
[IT: 4545] Latency: 83.10ms | Session: X_ouisq
[IT: 4550] Latency: 84.00ms | Session: X_ouisq
[IT: 4555] Latency: 82.70ms | Session: X_ouisq
[IT: 4560] Latency: 83.40ms | Session: X_ouisq
[IT: 4565] Latency: 83.20ms | Session: X_ouisq
[IT: 4570] Latency: 83.50ms | Session: X_ouisq
[IT: 4575] Latency: 83.40ms | Session: X_ouisq
[IT: 4580] Latency: 83.20ms | Session: X_ouisq
[IT: 4585] Latency: 83.30ms | Session: X_ouisq
[IT: 4590] Latency: 83.30ms | Session: X_ouisq
[IT: 4595] Latency: 83.20ms | Session: X_ouisq
[IT: 4600] Latency: 83.50ms | Session: X_ouisq
[IT: 4605] Latency: 83.30ms | Session: X_ouisq
[IT: 4610] Latency: 83.30ms | Session: X_ouisq
[IT: 4615] Latency: 83.40ms | Session: X_ouisq
[IT: 4620] Latency: 83.50ms | Session: X_ouisq
[IT: 4625] Latency: 83.10ms | Session: X_ouisq
[IT: 4630] Latency: 83.30ms | Session: X_ouisq
[IT: 4640] Latency: 166.80ms | Session: X_ouisq
[IT: 4645] Latency: 83.30ms | Session: X_ouisq
[IT: 4635] Latency: -165.50ms | Session: X_ouisq
[IT: 4650] Latency: 248.80ms | Session: X_ouisq
[IT: 4655] Latency: 83.20ms | Session: X_ouisq
[IT: 4660] Latency: 83.40ms | Session: X_ouisq
[IT: 4665] Latency: 83.40ms | Session: X_ouisq
[IT: 4670] Latency: 83.20ms | Session: X_ouisq
[IT: 4675] Latency: 83.40ms | Session: X_ouisq
[IT: 4680] Latency: 83.40ms | Session: X_ouisq
[IT: 4685] Latency: 83.30ms | Session: X_ouisq
[IT: 4695] Latency: 166.60ms | Session: X_ouisq
[IT: 4700] Latency: 83.40ms | Session: X_ouisq
[IT: 4690] Latency: -166.60ms | Session: X_ouisq
[IT: 4705] Latency: 249.90ms | Session: X_ouisq
[IT: 4710] Latency: 83.90ms | Session: X_ouisq
[IT: 4715] Latency: 82.70ms | Session: X_ouisq
[IT: 4720] Latency: 83.20ms | Session: X_ouisq
[IT: 4725] Latency: 83.50ms | Session: X_ouisq
[IT: 4730] Latency: 83.20ms | Session: X_ouisq
[IT: 4735] Latency: 83.40ms | Session: X_ouisq
[IT: 4740] Latency: 83.40ms | Session: X_ouisq
[IT: 4745] Latency: 83.30ms | Session: X_ouisq
[IT: 4750] Latency: 83.30ms | Session: X_ouisq
[IT: 4755] Latency: 83.30ms | Session: X_ouisq
[IT: 4760] Latency: 83.50ms | Session: X_ouisq
[IT: 4765] Latency: 84.90ms | Session: X_ouisq
[IT: 4770] Latency: 81.60ms | Session: X_ouisq
[IT: 4775] Latency: 83.10ms | Session: X_ouisq
[IT: 4780] Latency: 83.60ms | Session: X_ouisq
[IT: 4790] Latency: 166.60ms | Session: X_ouisq
[IT: 4795] Latency: 83.00ms | Session: X_ouisq
[IT: 4785] Latency: -166.30ms | Session: X_ouisq
[IT: 4805] Latency: 333.20ms | Session: X_ouisq
[IT: 4810] Latency: 83.50ms | Session: X_ouisq
[IT: 4800] Latency: -165.70ms | Session: X_ouisq
[IT: 4815] Latency: 249.00ms | Session: X_ouisq
[IT: 4820] Latency: 83.10ms | Session: X_ouisq
[IT: 4825] Latency: 83.20ms | Session: X_ouisq
[IT: 4830] Latency: 83.60ms | Session: X_ouisq
[IT: 4835] Latency: 83.30ms | Session: X_ouisq
[IT: 4840] Latency: 83.40ms | Session: X_ouisq
[IT: 4845] Latency: 83.20ms | Session: X_ouisq
[IT: 4850] Latency: 83.30ms | Session: X_ouisq
[IT: 4855] Latency: 83.20ms | Session: X_ouisq
[IT: 4860] Latency: 83.60ms | Session: X_ouisq
[IT: 4865] Latency: 83.30ms | Session: X_ouisq
[IT: 4870] Latency: 83.30ms | Session: X_ouisq
[IT: 4875] Latency: 83.40ms | Session: X_ouisq
[IT: 4880] Latency: 83.30ms | Session: X_ouisq
[IT: 4885] Latency: 83.10ms | Session: X_ouisq
[IT: 4890] Latency: 83.50ms | Session: X_ouisq
[IT: 4895] Latency: 83.50ms | Session: X_ouisq
[IT: 4900] Latency: 83.20ms | Session: X_ouisq
[IT: 4905] Latency: 83.50ms | Session: X_ouisq
[IT: 4910] Latency: 82.90ms | Session: X_ouisq
[IT: 4915] Latency: 83.30ms | Session: X_ouisq
[IT: 4925] Latency: 168.00ms | Session: X_ouisq
[IT: 4930] Latency: 82.20ms | Session: X_ouisq
[IT: 4935] Latency: 83.50ms | Session: X_ouisq
[IT: 4945] Latency: 166.40ms | Session: X_ouisq
[IT: 4950] Latency: 83.50ms | Session: X_ouisq
[IT: 4955] Latency: 83.20ms | Session: X_ouisq
[IT: 4960] Latency: 83.50ms | Session: X_ouisq
[IT: 4970] Latency: 166.50ms | Session: X_ouisq
[IT: 4920] Latency: -833.20ms | Session: X_ouisq
[IT: 4975] Latency: 916.40ms | Session: X_ouisq
[IT: 4980] Latency: 83.60ms | Session: X_ouisq
[IT: 4985] Latency: 83.20ms | Session: X_ouisq
[IT: 4990] Latency: 83.50ms | Session: X_ouisq
[IT: 4995] Latency: 83.20ms | Session: X_ouisq
[IT: 5000] Latency: 83.30ms | Session: X_ouisq
[IT: 5005] Latency: 83.10ms | Session: X_ouisq
[IT: 5010] Latency: 83.50ms | Session: X_ouisq
[IT: 5015] Latency: 83.40ms | Session: X_ouisq
[IT: 4965] Latency: -833.30ms | Session: X_ouisq
[IT: 5020] Latency: 916.60ms | Session: X_ouisq
[IT: 5025] Latency: 83.20ms | Session: X_ouisq
[IT: 5040] Latency: 250.10ms | Session: X_ouisq
[IT: 5050] Latency: 166.70ms | Session: X_ouisq
[IT: 5055] Latency: 83.40ms | Session: X_ouisq
[IT: 4940] Latency: -1916.60ms | Session: X_ouisq
[IT: 5075] Latency: 2249.80ms | Session: X_ouisq
[IT: 5085] Latency: 166.70ms | Session: X_ouisq
[IT: 5080] Latency: -83.50ms | Session: X_ouisq
[IT: 5090] Latency: 166.90ms | Session: X_ouisq
[IT: 5030] Latency: -1000.00ms | Session: X_ouisq
[IT: 5100] Latency: 1166.60ms | Session: X_ouisq
[IT: 5035] Latency: -1083.20ms | Session: X_ouisq
[IT: 5110] Latency: 1249.80ms | Session: X_ouisq
[IT: 5045] Latency: -1083.20ms | Session: X_ouisq
[IT: 5130] Latency: 1416.20ms | Session: X_ouisq
[IT: 5060] Latency: -1166.20ms | Session: X_ouisq
[IT: 5135] Latency: 1249.70ms | Session: X_ouisq
[IT: 5070] Latency: -1083.10ms | Session: X_ouisq
[IT: 5065] Latency: -83.40ms | Session: X_ouisq
[IT: 5150] Latency: 1416.60ms | Session: X_ouisq
[IT: 5155] Latency: 83.40ms | Session: X_ouisq
[IT: 5160] Latency: 83.20ms | Session: X_ouisq
[IT: 5165] Latency: 83.40ms | Session: X_ouisq
[IT: 5095] Latency: -1166.50ms | Session: X_ouisq
[IT: 5170] Latency: 1249.90ms | Session: X_ouisq
[IT: 5175] Latency: 83.20ms | Session: X_ouisq
[IT: 5105] Latency: -1166.60ms | Session: X_ouisq
[IT: 5180] Latency: 1249.90ms | Session: X_ouisq
[IT: 5115] Latency: -1083.40ms | Session: X_ouisq
[IT: 5185] Latency: 1166.70ms | Session: X_ouisq
[IT: 5120] Latency: -1083.20ms | Session: X_ouisq
[IT: 5195] Latency: 1250.90ms | Session: X_ouisq
[IT: 5125] Latency: -1167.70ms | Session: X_ouisq
[IT: 5200] Latency: 1250.00ms | Session: X_ouisq
[IT: 5205] Latency: 83.40ms | Session: X_ouisq
[IT: 5210] Latency: 83.10ms | Session: X_ouisq
[IT: 5140] Latency: -1166.40ms | Session: X_ouisq
[IT: 5215] Latency: 1249.80ms | Session: X_ouisq
[IT: 5145] Latency: -1166.40ms | Session: X_ouisq
[IT: 5220] Latency: 1249.80ms | Session: X_ouisq
[IT: 5225] Latency: 83.40ms | Session: X_ouisq
[IT: 5230] Latency: 83.40ms | Session: X_ouisq
[IT: 5235] Latency: 83.30ms | Session: X_ouisq
[IT: 5240] Latency: 83.20ms | Session: X_ouisq
[IT: 5245] Latency: 83.20ms | Session: X_ouisq
[IT: 5260] Latency: 250.20ms | Session: X_ouisq
[IT: 5190] Latency: -1166.50ms | Session: X_ouisq
[IT: 5275] Latency: 1416.20ms | Session: X_ouisq
[IT: 5280] Latency: 83.50ms | Session: X_ouisq
[IT: 5285] Latency: 83.40ms | Session: X_ouisq
[IT: 5290] Latency: 83.40ms | Session: X_ouisq
[IT: 5300] Latency: 166.60ms | Session: X_ouisq
[IT: 5305] Latency: 83.30ms | Session: X_ouisq
[IT: 5310] Latency: 83.30ms | Session: X_ouisq
[IT: 5315] Latency: 83.40ms | Session: X_ouisq
[IT: 5250] Latency: -1083.20ms | Session: X_ouisq
[IT: 5320] Latency: 1166.50ms | Session: X_ouisq
[IT: 5325] Latency: 83.20ms | Session: X_ouisq
[IT: 5255] Latency: -1166.40ms | Session: X_ouisq
[IT: 5330] Latency: 1249.70ms | Session: X_ouisq
[IT: 5335] Latency: 83.40ms | Session: X_ouisq
[IT: 5265] Latency: -1166.50ms | Session: X_ouisq
[IT: 5270] Latency: 85.10ms | Session: X_ouisq
[IT: 5340] Latency: 1164.90ms | Session: X_ouisq
[IT: 5350] Latency: 166.50ms | Session: X_ouisq
[IT: 5355] Latency: 83.50ms | Session: X_ouisq
[IT: 5360] Latency: 83.20ms | Session: X_ouisq
[IT: 5365] Latency: 83.30ms | Session: X_ouisq
[IT: 5295] Latency: -1166.50ms | Session: X_ouisq
[IT: 5370] Latency: 1249.80ms | Session: X_ouisq
[IT: 5375] Latency: 83.30ms | Session: X_ouisq
[IT: 5385] Latency: 166.70ms | Session: X_ouisq
[IT: 5390] Latency: 83.40ms | Session: X_ouisq
[IT: 5395] Latency: 83.40ms | Session: X_ouisq
[IT: 5400] Latency: 83.10ms | Session: X_ouisq
[IT: 5345] Latency: -916.40ms | Session: X_ouisq
[IT: 5405] Latency: 999.70ms | Session: X_ouisq
[IT: 5410] Latency: 83.50ms | Session: X_ouisq
[IT: 5415] Latency: 83.20ms | Session: X_ouisq
[IT: 5420] Latency: 83.50ms | Session: X_ouisq
[IT: 5425] Latency: 83.20ms | Session: X_ouisq
[IT: 5430] Latency: 83.40ms | Session: X_ouisq
[IT: 5435] Latency: 83.20ms | Session: X_ouisq
[IT: 5380] Latency: -916.50ms | Session: X_ouisq
[IT: 5440] Latency: 999.90ms | Session: X_ouisq
[IT: 5445] Latency: 83.20ms | Session: X_ouisq
[IT: 5450] Latency: 83.50ms | Session: X_ouisq
[IT: 5455] Latency: 83.20ms | Session: X_ouisq
[IT: 5460] Latency: 83.60ms | Session: X_ouisq
[IT: 5465] Latency: 83.20ms | Session: X_ouisq
[IT: 5470] Latency: 83.30ms | Session: X_ouisq
[IT: 5475] Latency: 83.40ms | Session: X_ouisq
[IT: 5480] Latency: 83.30ms | Session: X_ouisq
[IT: 5485] Latency: 83.20ms | Session: X_ouisq
[IT: 5490] Latency: 83.30ms | Session: X_ouisq
[IT: 5500] Latency: 166.80ms | Session: X_ouisq
[IT: 5505] Latency: 83.20ms | Session: X_ouisq
[IT: 5515] Latency: 166.80ms | Session: X_ouisq
[IT: 5520] Latency: 83.40ms | Session: X_ouisq
[IT: 5525] Latency: 83.20ms | Session: X_ouisq
[IT: 5530] Latency: 83.40ms | Session: X_ouisq
[IT: 5510] Latency: -333.40ms | Session: X_ouisq
[IT: 5540] Latency: 499.90ms | Session: X_ouisq
[IT: 5545] Latency: 83.40ms | Session: X_ouisq
[IT: 5550] Latency: 83.30ms | Session: X_ouisq
[IT: 5555] Latency: 83.30ms | Session: X_ouisq
[IT: 5560] Latency: 83.30ms | Session: X_ouisq
[IT: 5565] Latency: 83.30ms | Session: X_ouisq
[IT: 5570] Latency: 85.30ms | Session: X_ouisq
[IT: 5575] Latency: 81.30ms | Session: X_ouisq
[IT: 5495] Latency: -1333.00ms | Session: X_ouisq
[IT: 5580] Latency: 1416.50ms | Session: X_ouisq
[IT: 5585] Latency: 83.20ms | Session: X_ouisq
[IT: 5535] Latency: -833.30ms | Session: X_ouisq
[IT: 5595] Latency: 999.90ms | Session: X_ouisq
[IT: 5600] Latency: 83.50ms | Session: X_ouisq
[IT: 5605] Latency: 83.30ms | Session: X_ouisq
[IT: 5610] Latency: 84.80ms | Session: X_ouisq
[IT: 5590] Latency: -335.00ms | Session: X_ouisq
[IT: 5615] Latency: 416.70ms | Session: X_ouisq
[IT: 5620] Latency: 83.40ms | Session: X_ouisq
[IT: 5625] Latency: 83.50ms | Session: X_ouisq
[IT: 5630] Latency: 83.10ms | Session: X_ouisq
[IT: 5635] Latency: 83.40ms | Session: X_ouisq
[IT: 5640] Latency: 83.50ms | Session: X_ouisq
[IT: 5645] Latency: 83.20ms | Session: X_ouisq
[IT: 5650] Latency: 83.40ms | Session: X_ouisq
[IT: 5655] Latency: 83.20ms | Session: X_ouisq
[IT: 5660] Latency: 83.30ms | Session: X_ouisq
[IT: 5665] Latency: 83.30ms | Session: X_ouisq
[IT: 5675] Latency: 166.80ms | Session: X_ouisq
[IT: 5680] Latency: 83.20ms | Session: X_ouisq
[IT: 5685] Latency: 83.40ms | Session: X_ouisq
[IT: 5690] Latency: 83.20ms | Session: X_ouisq
[IT: 5695] Latency: 84.90ms | Session: X_ouisq
[IT: 5710] Latency: 248.40ms | Session: X_ouisq
[IT: 5715] Latency: 83.50ms | Session: X_ouisq
[IT: 5705] Latency: -166.50ms | Session: X_ouisq
[IT: 5730] Latency: 416.60ms | Session: X_ouisq
[IT: 5720] Latency: -166.80ms | Session: X_ouisq
[IT: 5670] Latency: -833.10ms | Session: X_ouisq
[IT: 5750] Latency: 1333.10ms | Session: X_ouisq
[IT: 5755] Latency: 83.20ms | Session: X_ouisq
[IT: 5760] Latency: 84.50ms | Session: X_ouisq
[IT: 5700] Latency: -1001.00ms | Session: X_ouisq
[IT: 5765] Latency: 1083.30ms | Session: X_ouisq
[IT: 5725] Latency: -666.60ms | Session: X_ouisq
[IT: 5770] Latency: 749.90ms | Session: X_ouisq
[IT: 5775] Latency: 84.70ms | Session: X_ouisq
[IT: 5740] Latency: -584.70ms | Session: X_ouisq
[IT: 5745] Latency: 83.30ms | Session: X_ouisq
[IT: 5780] Latency: 583.30ms | Session: X_ouisq
[IT: 5735] Latency: -750.00ms | Session: X_ouisq
[IT: 5785] Latency: 833.20ms | Session: X_ouisq
[IT: 5790] Latency: 83.50ms | Session: X_ouisq
[IT: 5795] Latency: 83.30ms | Session: X_ouisq
[IT: 5800] Latency: 83.30ms | Session: X_ouisq
[IT: 5805] Latency: 83.30ms | Session: X_ouisq
[IT: 5810] Latency: 83.40ms | Session: X_ouisq
[IT: 5815] Latency: 83.40ms | Session: X_ouisq
[IT: 5820] Latency: 83.30ms | Session: X_ouisq
[IT: 5825] Latency: 83.10ms | Session: X_ouisq
[IT: 5830] Latency: 83.50ms | Session: X_ouisq
[IT: 5835] Latency: 83.10ms | Session: X_ouisq
[IT: 5840] Latency: 83.50ms | Session: X_ouisq
[IT: 5845] Latency: 83.20ms | Session: X_ouisq
[IT: 5850] Latency: 83.60ms | Session: X_ouisq
[IT: 5855] Latency: 83.00ms | Session: X_ouisq
[IT: 5860] Latency: 83.40ms | Session: X_ouisq
[IT: 5865] Latency: 83.40ms | Session: X_ouisq
[IT: 5870] Latency: 83.40ms | Session: X_ouisq
[IT: 5875] Latency: 83.10ms | Session: X_ouisq
[IT: 5880] Latency: 83.60ms | Session: X_ouisq
[IT: 5885] Latency: 83.20ms | Session: X_ouisq
[IT: 5890] Latency: 83.30ms | Session: X_ouisq
[IT: 5905] Latency: 250.10ms | Session: X_ouisq
[IT: 5910] Latency: 83.30ms | Session: X_ouisq
[IT: 5915] Latency: 83.30ms | Session: X_ouisq
[IT: 5925] Latency: 166.80ms | Session: X_ouisq
[IT: 5935] Latency: 166.60ms | Session: X_ouisq
[IT: 5895] Latency: -666.80ms | Session: X_ouisq
[IT: 5900] Latency: 83.40ms | Session: X_ouisq
[IT: 5920] Latency: 333.30ms | Session: X_ouisq
[IT: 5945] Latency: 416.70ms | Session: X_ouisq
[IT: 5950] Latency: 83.40ms | Session: X_ouisq
[IT: 5965] Latency: 249.90ms | Session: X_ouisq
[IT: 5940] Latency: -416.60ms | Session: X_ouisq
[IT: 5930] Latency: -166.70ms | Session: X_ouisq
[IT: 5975] Latency: 749.90ms | Session: X_ouisq
[IT: 5960] Latency: -250.20ms | Session: X_ouisq
[IT: 5955] Latency: -83.00ms | Session: X_ouisq
[IT: 5970] Latency: 249.80ms | Session: X_ouisq
[IT: 5980] Latency: 166.80ms | Session: X_ouisq
[IT: 5985] Latency: 83.30ms | Session: X_ouisq
[IT: 5990] Latency: 83.30ms | Session: X_ouisq
[IT: 5995] Latency: 83.30ms | Session: X_ouisq
[IT: 6000] Latency: 83.30ms | Session: X_ouisq
[IT: 6005] Latency: 83.20ms | Session: X_ouisq
[IT: 6010] Latency: 84.50ms | Session: X_ouisq
[IT: 6015] Latency: 82.40ms | Session: X_ouisq
[IT: 6030] Latency: 250.00ms | Session: X_ouisq
[IT: 6035] Latency: 83.40ms | Session: X_ouisq
[IT: 6025] Latency: -166.80ms | Session: X_ouisq
[IT: 6020] Latency: -83.30ms | Session: X_ouisq
[IT: 6045] Latency: 416.70ms | Session: X_ouisq
[IT: 6050] Latency: 83.40ms | Session: X_ouisq
[IT: 6040] Latency: -166.80ms | Session: X_ouisq
[IT: 6055] Latency: 249.90ms | Session: X_ouisq
[IT: 6060] Latency: 83.30ms | Session: X_ouisq
[IT: 6065] Latency: 84.60ms | Session: X_ouisq
[IT: 6070] Latency: 83.90ms | Session: X_ouisq
[IT: 6075] Latency: 81.60ms | Session: X_ouisq
[IT: 6080] Latency: 83.40ms | Session: X_ouisq
[IT: 6085] Latency: 83.20ms | Session: X_ouisq
[IT: 6090] Latency: 83.40ms | Session: X_ouisq
[IT: 6095] Latency: 84.30ms | Session: X_ouisq
[IT: 6100] Latency: 82.40ms | Session: X_ouisq
[IT: 6105] Latency: 83.30ms | Session: X_ouisq
[IT: 6110] Latency: 83.20ms | Session: X_ouisq
[IT: 6115] Latency: 83.50ms | Session: X_ouisq
[IT: 6120] Latency: 83.20ms | Session: X_ouisq
[IT: 6125] Latency: 83.40ms | Session: X_ouisq
[IT: 6130] Latency: 83.10ms | Session: X_ouisq
[IT: 6135] Latency: 83.60ms | Session: X_ouisq
[IT: 6140] Latency: 82.90ms | Session: X_ouisq
[IT: 6145] Latency: 83.60ms | Session: X_ouisq
[IT: 6150] Latency: 83.40ms | Session: X_ouisq
[IT: 6155] Latency: 83.20ms | Session: X_ouisq
[IT: 6160] Latency: 83.50ms | Session: X_ouisq
[IT: 6165] Latency: 83.10ms | Session: X_ouisq
[IT: 6170] Latency: 83.40ms | Session: X_ouisq
[IT: 6175] Latency: 83.30ms | Session: X_ouisq
[IT: 6180] Latency: 83.30ms | Session: X_ouisq
[IT: 6185] Latency: 83.30ms | Session: X_ouisq
[IT: 6190] Latency: 83.50ms | Session: X_ouisq
[IT: 6195] Latency: 83.30ms | Session: X_ouisq
[IT: 6200] Latency: 83.20ms | Session: X_ouisq
[IT: 6205] Latency: 83.50ms | Session: X_ouisq
[IT: 6210] Latency: 83.30ms | Session: X_ouisq
[IT: 6215] Latency: 83.40ms | Session: X_ouisq
[IT: 6220] Latency: 83.10ms | Session: X_ouisq
[IT: 6225] Latency: 83.60ms | Session: X_ouisq
[IT: 6230] Latency: 83.10ms | Session: X_ouisq
[IT: 6235] Latency: 83.50ms | Session: X_ouisq
[IT: 6250] Latency: 249.80ms | Session: X_ouisq
[IT: 6260] Latency: 166.70ms | Session: X_ouisq
[IT: 6240] Latency: -333.30ms | Session: X_ouisq
[IT: 6265] Latency: 416.70ms | Session: X_ouisq
[IT: 6270] Latency: 83.20ms | Session: X_ouisq
[IT: 6245] Latency: -416.70ms | Session: X_ouisq
[IT: 6255] Latency: 166.70ms | Session: X_ouisq
[IT: 6275] Latency: 333.40ms | Session: X_ouisq
[IT: 6280] Latency: 83.40ms | Session: X_ouisq
[IT: 6285] Latency: 83.20ms | Session: X_ouisq
[IT: 6290] Latency: 83.40ms | Session: X_ouisq
[IT: 6295] Latency: 83.40ms | Session: X_ouisq
[IT: 6300] Latency: 83.20ms | Session: X_ouisq
[IT: 6305] Latency: 83.40ms | Session: X_ouisq
[IT: 6310] Latency: 83.30ms | Session: X_ouisq
[IT: 6315] Latency: 83.20ms | Session: X_ouisq
[IT: 6320] Latency: 83.50ms | Session: X_ouisq
[IT: 6325] Latency: 85.00ms | Session: X_ouisq
[IT: 6330] Latency: 81.50ms | Session: X_ouisq
[IT: 6335] Latency: 83.40ms | Session: X_ouisq
[IT: 6340] Latency: 83.20ms | Session: X_ouisq
[IT: 6345] Latency: 83.40ms | Session: X_ouisq
[IT: 6350] Latency: 83.30ms | Session: X_ouisq
[IT: 6355] Latency: 83.50ms | Session: X_ouisq
[IT: 6360] Latency: 83.20ms | Session: X_ouisq
[IT: 6365] Latency: 83.30ms | Session: X_ouisq
[IT: 6370] Latency: 83.40ms | Session: X_ouisq
[IT: 6375] Latency: 83.20ms | Session: X_ouisq
[IT: 6380] Latency: 83.70ms | Session: X_ouisq
[IT: 6385] Latency: 83.20ms | Session: X_ouisq
[IT: 6390] Latency: 83.30ms | Session: X_ouisq
[IT: 6395] Latency: 83.30ms | Session: X_ouisq
[IT: 6400] Latency: 83.30ms | Session: X_ouisq
[IT: 6405] Latency: 83.20ms | Session: X_ouisq
[IT: 6410] Latency: 83.40ms | Session: X_ouisq
[IT: 6415] Latency: 83.20ms | Session: X_ouisq
[IT: 6420] Latency: 83.60ms | Session: X_ouisq
[IT: 6425] Latency: 83.10ms | Session: X_ouisq
[IT: 6430] Latency: 83.60ms | Session: X_ouisq
[IT: 6435] Latency: 83.20ms | Session: X_ouisq
[IT: 6440] Latency: 83.40ms | Session: X_ouisq
[IT: 6445] Latency: 83.20ms | Session: X_ouisq
[IT: 6450] Latency: 83.30ms | Session: X_ouisq
[IT: 6455] Latency: 83.40ms | Session: X_ouisq
[IT: 6460] Latency: 83.20ms | Session: X_ouisq
[IT: 6465] Latency: 83.50ms | Session: X_ouisq
[IT: 6470] Latency: 83.40ms | Session: X_ouisq
[IT: 6475] Latency: 83.20ms | Session: X_ouisq
[IT: 6480] Latency: 83.40ms | Session: X_ouisq
[IT: 6485] Latency: 83.10ms | Session: X_ouisq
[IT: 6490] Latency: 83.40ms | Session: X_ouisq
[IT: 6495] Latency: 83.30ms | Session: X_ouisq
[IT: 6500] Latency: 83.40ms | Session: X_ouisq
[IT: 6505] Latency: 83.20ms | Session: X_ouisq
[IT: 6510] Latency: 83.50ms | Session: X_ouisq
[IT: 6515] Latency: 83.40ms | Session: X_ouisq
[IT: 6520] Latency: 83.10ms | Session: X_ouisq
[IT: 6525] Latency: 83.30ms | Session: X_ouisq
[IT: 6530] Latency: 83.40ms | Session: X_ouisq
[IT: 6535] Latency: 83.40ms | Session: X_ouisq
[IT: 6540] Latency: 83.20ms | Session: X_ouisq
[IT: 6545] Latency: 83.30ms | Session: X_ouisq
[IT: 6550] Latency: 83.50ms | Session: X_ouisq
[IT: 6555] Latency: 83.20ms | Session: X_ouisq
[IT: 6560] Latency: 83.50ms | Session: X_ouisq
[IT: 6565] Latency: 83.20ms | Session: X_ouisq
[IT: 6570] Latency: 83.30ms | Session: X_ouisq
[IT: 6575] Latency: 83.40ms | Session: X_ouisq
[IT: 6580] Latency: 83.20ms | Session: X_ouisq
[IT: 6585] Latency: 83.60ms | Session: X_ouisq
[IT: 6590] Latency: 83.10ms | Session: X_ouisq
[IT: 6595] Latency: 83.30ms | Session: X_ouisq
[IT: 6600] Latency: 83.40ms | Session: X_ouisq
[IT: 6605] Latency: 83.30ms | Session: X_ouisq
[IT: 6610] Latency: 83.20ms | Session: X_ouisq
[IT: 6615] Latency: 83.50ms | Session: X_ouisq
[IT: 6620] Latency: 83.50ms | Session: X_ouisq
[IT: 6625] Latency: 83.00ms | Session: X_ouisq
[IT: 6630] Latency: 83.70ms | Session: X_ouisq
[IT: 6640] Latency: 166.50ms | Session: X_ouisq
[IT: 6635] Latency: -83.50ms | Session: X_ouisq
[IT: 6645] Latency: 166.90ms | Session: X_ouisq
[IT: 6650] Latency: 83.20ms | Session: X_ouisq
[IT: 6655] Latency: 83.00ms | Session: X_ouisq
[IT: 6665] Latency: 166.80ms | Session: X_ouisq
[IT: 6660] Latency: -83.30ms | Session: X_ouisq
[IT: 6670] Latency: 166.80ms | Session: X_ouisq
[IT: 6675] Latency: 83.50ms | Session: X_ouisq
[IT: 6680] Latency: 83.10ms | Session: X_ouisq
[IT: 6685] Latency: 83.30ms | Session: X_ouisq
[IT: 6690] Latency: 83.10ms | Session: X_ouisq
[IT: 6695] Latency: 83.40ms | Session: X_ouisq
[IT: 6700] Latency: 83.70ms | Session: X_ouisq
[IT: 6705] Latency: 84.80ms | Session: X_ouisq
[IT: 6710] Latency: 81.60ms | Session: X_ouisq
[IT: 6715] Latency: 83.30ms | Session: X_ouisq
[IT: 6720] Latency: 84.30ms | Session: X_ouisq
[IT: 6725] Latency: 82.50ms | Session: X_ouisq
[IT: 6730] Latency: 83.30ms | Session: X_ouisq
[IT: 6735] Latency: 83.30ms | Session: X_ouisq
[IT: 6740] Latency: 83.20ms | Session: X_ouisq
[IT: 6745] Latency: 83.50ms | Session: X_ouisq
[IT: 6750] Latency: 83.30ms | Session: X_ouisq
[IT: 6755] Latency: 83.30ms | Session: X_ouisq
[IT: 6760] Latency: 83.20ms | Session: X_ouisq
[IT: 6765] Latency: 83.30ms | Session: X_ouisq
[IT: 6770] Latency: 83.60ms | Session: X_ouisq
[IT: 6775] Latency: 83.20ms | Session: X_ouisq
[IT: 6780] Latency: 83.20ms | Session: X_ouisq
[IT: 6785] Latency: 83.40ms | Session: X_ouisq
[IT: 6790] Latency: 84.50ms | Session: X_ouisq
[IT: 6795] Latency: 82.20ms | Session: X_ouisq
[IT: 6800] Latency: 83.40ms | Session: X_ouisq
[IT: 6805] Latency: 83.40ms | Session: X_ouisq
[IT: 6810] Latency: 83.40ms | Session: X_ouisq
[IT: 6815] Latency: 83.20ms | Session: X_ouisq
[IT: 6820] Latency: 83.20ms | Session: X_ouisq
[IT: 6825] Latency: 83.50ms | Session: X_ouisq
[IT: 6830] Latency: 83.30ms | Session: X_ouisq
[IT: 6835] Latency: 83.20ms | Session: X_ouisq
[IT: 6840] Latency: 83.50ms | Session: X_ouisq
[IT: 6845] Latency: 83.10ms | Session: X_ouisq
[IT: 6850] Latency: 83.40ms | Session: X_ouisq
[IT: 6855] Latency: 83.30ms | Session: X_ouisq
[IT: 6860] Latency: 83.40ms | Session: X_ouisq
[IT: 6865] Latency: 83.10ms | Session: X_ouisq
[IT: 6870] Latency: 84.10ms | Session: X_ouisq
[IT: 6875] Latency: 82.80ms | Session: X_ouisq
[IT: 6880] Latency: 83.10ms | Session: X_ouisq
[IT: 6885] Latency: 83.50ms | Session: X_ouisq
[IT: 6890] Latency: 83.40ms | Session: X_ouisq
[IT: 6895] Latency: 83.30ms | Session: X_ouisq
[IT: 6900] Latency: 83.30ms | Session: X_ouisq
[IT: 6905] Latency: 83.50ms | Session: X_ouisq
[IT: 6910] Latency: 83.00ms | Session: X_ouisq
[IT: 6915] Latency: 83.50ms | Session: X_ouisq
[IT: 6920] Latency: 83.30ms | Session: X_ouisq
[IT: 6925] Latency: 83.40ms | Session: X_ouisq
[IT: 6930] Latency: 83.20ms | Session: X_ouisq
[IT: 6935] Latency: 83.20ms | Session: X_ouisq
[IT: 6940] Latency: 83.50ms | Session: X_ouisq
[IT: 6945] Latency: 84.10ms | Session: X_ouisq
[IT: 6950] Latency: 82.60ms | Session: X_ouisq
[IT: 6955] Latency: 83.10ms | Session: X_ouisq
[IT: 6960] Latency: 83.30ms | Session: X_ouisq
[IT: 6965] Latency: 83.50ms | Session: X_ouisq
[IT: 6970] Latency: 83.40ms | Session: X_ouisq
[IT: 6975] Latency: 84.50ms | Session: X_ouisq
[IT: 6980] Latency: 81.80ms | Session: X_ouisq
[IT: 6985] Latency: 83.70ms | Session: X_ouisq
[IT: 6990] Latency: 83.40ms | Session: X_ouisq
[IT: 6995] Latency: 83.10ms | Session: X_ouisq
[IT: 7000] Latency: 83.70ms | Session: X_ouisq
[IT: 7005] Latency: 83.00ms | Session: X_ouisq
[IT: 7010] Latency: 83.40ms | Session: X_ouisq
[IT: 7015] Latency: 83.30ms | Session: X_ouisq
[IT: 7020] Latency: 83.60ms | Session: X_ouisq
[IT: 7025] Latency: 83.00ms | Session: X_ouisq
[IT: 7030] Latency: 83.40ms | Session: X_ouisq
[IT: 7035] Latency: 83.30ms | Session: X_ouisq
[IT: 7040] Latency: 83.20ms | Session: X_ouisq
[IT: 7045] Latency: 83.40ms | Session: X_ouisq
[IT: 7050] Latency: 83.80ms | Session: X_ouisq
[IT: 7055] Latency: 82.90ms | Session: X_ouisq
[IT: 7060] Latency: 83.20ms | Session: X_ouisq
[IT: 7065] Latency: 83.50ms | Session: X_ouisq
[IT: 7070] Latency: 83.20ms | Session: X_ouisq
[IT: 7075] Latency: 83.40ms | Session: X_ouisq
[IT: 7080] Latency: 83.40ms | Session: X_ouisq
[IT: 7085] Latency: 83.20ms | Session: X_ouisq
[IT: 7090] Latency: 83.40ms | Session: X_ouisq
[IT: 7095] Latency: 83.30ms | Session: X_ouisq
[IT: 7100] Latency: 83.30ms | Session: X_ouisq
[IT: 7105] Latency: 83.40ms | Session: X_ouisq
[IT: 7110] Latency: 83.30ms | Session: X_ouisq
[IT: 7115] Latency: 83.50ms | Session: X_ouisq
[IT: 7120] Latency: 83.20ms | Session: X_ouisq
[IT: 7125] Latency: 83.30ms | Session: X_ouisq
[IT: 7130] Latency: 83.10ms | Session: X_ouisq
[IT: 7135] Latency: 83.40ms | Session: X_ouisq
[IT: 7140] Latency: 83.40ms | Session: X_ouisq
[IT: 7145] Latency: 83.40ms | Session: X_ouisq
[IT: 7150] Latency: 83.30ms | Session: X_ouisq
[IT: 7155] Latency: 83.30ms | Session: X_ouisq
[IT: 7160] Latency: 83.40ms | Session: X_ouisq
[IT: 7165] Latency: 83.30ms | Session: X_ouisq
[IT: 7170] Latency: 83.30ms | Session: X_ouisq
[IT: 7175] Latency: 83.10ms | Session: X_ouisq
[IT: 7180] Latency: 83.50ms | Session: X_ouisq
[IT: 7185] Latency: 83.10ms | Session: X_ouisq
[IT: 7190] Latency: 83.70ms | Session: X_ouisq
[IT: 7195] Latency: 83.10ms | Session: X_ouisq
[IT: 7200] Latency: 83.50ms | Session: X_ouisq
[IT: 7205] Latency: 83.10ms | Session: X_ouisq
[IT: 7210] Latency: 83.60ms | Session: X_ouisq
[IT: 7215] Latency: 84.90ms | Session: X_ouisq
[IT: 7220] Latency: 81.40ms | Session: X_ouisq
[IT: 7225] Latency: 83.40ms | Session: X_ouisq
[IT: 7230] Latency: 83.70ms | Session: X_ouisq
[IT: 7235] Latency: 83.20ms | Session: X_ouisq
[IT: 7240] Latency: 83.30ms | Session: X_ouisq
[IT: 7245] Latency: 83.10ms | Session: X_ouisq
[IT: 7250] Latency: 83.60ms | Session: X_ouisq
[IT: 7255] Latency: 83.30ms | Session: X_ouisq
[IT: 7260] Latency: 83.20ms | Session: X_ouisq
[IT: 7265] Latency: 83.40ms | Session: X_ouisq
[IT: 7270] Latency: 83.40ms | Session: X_ouisq
[IT: 7275] Latency: 83.20ms | Session: X_ouisq
[IT: 7280] Latency: 83.30ms | Session: X_ouisq
[IT: 7285] Latency: 83.40ms | Session: X_ouisq
[IT: 7290] Latency: 83.30ms | Session: X_ouisq
[IT: 7295] Latency: 83.30ms | Session: X_ouisq
[IT: 7300] Latency: 83.20ms | Session: X_ouisq
[IT: 7305] Latency: 83.30ms | Session: X_ouisq
[IT: 7310] Latency: 83.60ms | Session: X_ouisq
[IT: 7315] Latency: 83.30ms | Session: X_ouisq
[IT: 7320] Latency: 83.20ms | Session: X_ouisq
[IT: 7325] Latency: 83.40ms | Session: X_ouisq
[IT: 7330] Latency: 83.40ms | Session: X_ouisq
[IT: 7335] Latency: 83.20ms | Session: X_ouisq
[IT: 7340] Latency: 83.40ms | Session: X_ouisq
[IT: 7345] Latency: 83.50ms | Session: X_ouisq
[IT: 7350] Latency: 83.10ms | Session: X_ouisq
[IT: 7355] Latency: 83.60ms | Session: X_ouisq
[IT: 7360] Latency: 83.10ms | Session: X_ouisq
[IT: 7365] Latency: 83.40ms | Session: X_ouisq
[IT: 7370] Latency: 83.30ms | Session: X_ouisq
[IT: 7375] Latency: 83.30ms | Session: X_ouisq
[IT: 7380] Latency: 83.20ms | Session: X_ouisq
[IT: 7385] Latency: 83.20ms | Session: X_ouisq
[IT: 7390] Latency: 83.60ms | Session: X_ouisq
[IT: 7395] Latency: 83.40ms | Session: X_ouisq
[IT: 7400] Latency: 83.10ms | Session: X_ouisq
[IT: 7405] Latency: 83.40ms | Session: X_ouisq
[IT: 7410] Latency: 83.40ms | Session: X_ouisq
[IT: 7415] Latency: 83.80ms | Session: X_ouisq
[IT: 7420] Latency: 82.90ms | Session: X_ouisq
[IT: 7425] Latency: 83.30ms | Session: X_ouisq
[IT: 7430] Latency: 83.20ms | Session: X_ouisq
[IT: 7435] Latency: 83.40ms | Session: X_ouisq
[IT: 7440] Latency: 83.30ms | Session: X_ouisq
[IT: 7445] Latency: 83.40ms | Session: X_ouisq
[IT: 7450] Latency: 83.30ms | Session: X_ouisq
[IT: 7455] Latency: 83.20ms | Session: X_ouisq
[IT: 7460] Latency: 83.50ms | Session: X_ouisq
[IT: 7465] Latency: 83.20ms | Session: X_ouisq
[IT: 7470] Latency: 83.40ms | Session: X_ouisq
[IT: 7475] Latency: 83.30ms | Session: X_ouisq
[IT: 7480] Latency: 83.50ms | Session: X_ouisq
[IT: 7485] Latency: 83.20ms | Session: X_ouisq
[IT: 7490] Latency: 83.30ms | Session: X_ouisq
[IT: 7495] Latency: 83.30ms | Session: X_ouisq
[IT: 7500] Latency: 83.10ms | Session: X_ouisq
[IT: 7505] Latency: 83.60ms | Session: X_ouisq
[IT: 7510] Latency: 83.20ms | Session: X_ouisq
[IT: 7515] Latency: 83.40ms | Session: X_ouisq
[IT: 7520] Latency: 83.00ms | Session: X_ouisq
[IT: 7525] Latency: 83.50ms | Session: X_ouisq
[IT: 7530] Latency: 83.40ms | Session: X_ouisq
[IT: 7535] Latency: 83.50ms | Session: X_ouisq
[IT: 7540] Latency: 83.20ms | Session: X_ouisq
[IT: 7545] Latency: 83.30ms | Session: X_ouisq
[IT: 7550] Latency: 83.50ms | Session: X_ouisq
[IT: 7555] Latency: 83.20ms | Session: X_ouisq
[IT: 7560] Latency: 83.30ms | Session: X_ouisq
[IT: 7565] Latency: 83.40ms | Session: X_ouisq
[IT: 7575] Latency: 166.60ms | Session: X_ouisq
[IT: 7570] Latency: -83.20ms | Session: X_ouisq
[IT: 7580] Latency: 166.60ms | Session: X_ouisq
[IT: 7585] Latency: 83.40ms | Session: X_ouisq
[IT: 7590] Latency: 83.20ms | Session: X_ouisq
[IT: 7595] Latency: 83.20ms | Session: X_ouisq
[IT: 7600] Latency: 83.50ms | Session: X_ouisq
[IT: 7605] Latency: 83.30ms | Session: X_ouisq
[IT: 7610] Latency: 83.10ms | Session: X_ouisq
[IT: 7615] Latency: 83.60ms | Session: X_ouisq
[IT: 7620] Latency: 83.40ms | Session: X_ouisq
[IT: 7625] Latency: 83.30ms | Session: X_ouisq
[IT: 7630] Latency: 83.20ms | Session: X_ouisq
[IT: 7635] Latency: 83.30ms | Session: X_ouisq
[IT: 7640] Latency: 83.30ms | Session: X_ouisq
[IT: 7645] Latency: 83.40ms | Session: X_ouisq
[IT: 7650] Latency: 83.20ms | Session: X_ouisq
[IT: 7655] Latency: 83.40ms | Session: X_ouisq
[IT: 7660] Latency: 83.30ms | Session: X_ouisq
[IT: 7665] Latency: 83.40ms | Session: X_ouisq
[IT: 7670] Latency: 83.10ms | Session: X_ouisq
[IT: 7675] Latency: 84.40ms | Session: X_ouisq
[IT: 7680] Latency: 82.30ms | Session: X_ouisq
[IT: 7685] Latency: 83.50ms | Session: X_ouisq
[IT: 7690] Latency: 83.30ms | Session: X_ouisq
[IT: 7695] Latency: 83.30ms | Session: X_ouisq
[IT: 7700] Latency: 83.30ms | Session: X_ouisq
[IT: 7705] Latency: 83.50ms | Session: X_ouisq
[IT: 7710] Latency: 83.20ms | Session: X_ouisq
[IT: 7715] Latency: 83.40ms | Session: X_ouisq
[IT: 7725] Latency: 166.70ms | Session: X_ouisq
[IT: 7730] Latency: 83.30ms | Session: X_ouisq
[IT: 7720] Latency: -166.80ms | Session: X_ouisq
[IT: 7735] Latency: 250.00ms | Session: X_ouisq
[IT: 7740] Latency: 83.40ms | Session: X_ouisq
[IT: 7745] Latency: 83.30ms | Session: X_ouisq
[IT: 7750] Latency: 83.10ms | Session: X_ouisq
[IT: 7755] Latency: 83.50ms | Session: X_ouisq
[IT: 7760] Latency: 83.40ms | Session: X_ouisq
[IT: 7765] Latency: 83.40ms | Session: X_ouisq
[IT: 7770] Latency: 83.00ms | Session: X_ouisq
[IT: 7775] Latency: 83.50ms | Session: X_ouisq
[IT: 7780] Latency: 83.40ms | Session: X_ouisq
[IT: 7785] Latency: 83.30ms | Session: X_ouisq
[IT: 7790] Latency: 84.70ms | Session: X_ouisq
[IT: 7795] Latency: 82.00ms | Session: X_ouisq
[IT: 7800] Latency: 83.40ms | Session: X_ouisq
[IT: 7805] Latency: 83.40ms | Session: X_ouisq
[IT: 7810] Latency: 82.90ms | Session: X_ouisq
[IT: 7815] Latency: 83.60ms | Session: X_ouisq
[IT: 7820] Latency: 83.40ms | Session: X_ouisq
[IT: 7825] Latency: 83.20ms | Session: X_ouisq
[IT: 7830] Latency: 84.40ms | Session: X_ouisq
[IT: 7835] Latency: 82.30ms | Session: X_ouisq
[IT: 7840] Latency: 83.70ms | Session: X_ouisq
[IT: 7845] Latency: 82.70ms | Session: X_ouisq
[IT: 7850] Latency: 83.60ms | Session: X_ouisq
[IT: 7855] Latency: 83.10ms | Session: X_ouisq
[IT: 7860] Latency: 83.50ms | Session: X_ouisq
[IT: 7865] Latency: 83.40ms | Session: X_ouisq
[IT: 7870] Latency: 83.10ms | Session: X_ouisq
[IT: 7875] Latency: 83.50ms | Session: X_ouisq
[IT: 7880] Latency: 83.30ms | Session: X_ouisq
[IT: 7885] Latency: 83.40ms | Session: X_ouisq
[IT: 7890] Latency: 83.20ms | Session: X_ouisq
[IT: 7895] Latency: 83.40ms | Session: X_ouisq
[IT: 7900] Latency: 83.20ms | Session: X_ouisq
[IT: 7905] Latency: 83.30ms | Session: X_ouisq
[IT: 7910] Latency: 83.40ms | Session: X_ouisq
[IT: 7915] Latency: 83.40ms | Session: X_ouisq
[IT: 7920] Latency: 83.30ms | Session: X_ouisq
[IT: 7925] Latency: 83.40ms | Session: X_ouisq
[IT: 7930] Latency: 83.30ms | Session: X_ouisq
[IT: 7935] Latency: 83.20ms | Session: X_ouisq
[IT: 7940] Latency: 83.50ms | Session: X_ouisq
[IT: 7945] Latency: 83.20ms | Session: X_ouisq
[IT: 7950] Latency: 83.60ms | Session: X_ouisq
[IT: 7960] Latency: 166.50ms | Session: X_ouisq
[IT: 7955] Latency: -83.40ms | Session: X_ouisq
[IT: 7970] Latency: 250.10ms | Session: X_ouisq
[IT: 7975] Latency: 83.30ms | Session: X_ouisq
[IT: 7965] Latency: -166.70ms | Session: X_ouisq
[IT: 7980] Latency: 249.90ms | Session: X_ouisq
[IT: 7985] Latency: 83.30ms | Session: X_ouisq
[IT: 7990] Latency: 84.60ms | Session: X_ouisq
[IT: 7995] Latency: 82.10ms | Session: X_ouisq
[IT: 8000] Latency: 83.50ms | Session: X_ouisq
[IT: 8005] Latency: 83.10ms | Session: X_ouisq
[IT: 8010] Latency: 83.50ms | Session: X_ouisq
[IT: 8015] Latency: 83.20ms | Session: X_ouisq
[IT: 8020] Latency: 83.30ms | Session: X_ouisq
[IT: 8025] Latency: 83.30ms | Session: X_ouisq
[IT: 8030] Latency: 83.40ms | Session: X_ouisq
[IT: 8035] Latency: 83.40ms | Session: X_ouisq
[IT: 8040] Latency: 83.30ms | Session: X_ouisq
[IT: 8045] Latency: 83.10ms | Session: X_ouisq
[IT: 8050] Latency: 83.50ms | Session: X_ouisq
[IT: 8055] Latency: 83.40ms | Session: X_ouisq
[IT: 8060] Latency: 83.00ms | Session: X_ouisq
[IT: 8065] Latency: 83.50ms | Session: X_ouisq
[IT: 8070] Latency: 83.50ms | Session: X_ouisq
[IT: 8075] Latency: 83.30ms | Session: X_ouisq
[IT: 8080] Latency: 83.20ms | Session: X_ouisq
[IT: 8085] Latency: 83.50ms | Session: X_ouisq
[IT: 8090] Latency: 83.10ms | Session: X_ouisq
[IT: 8095] Latency: 83.40ms | Session: X_ouisq
[IT: 8100] Latency: 83.40ms | Session: X_ouisq
[IT: 8105] Latency: 83.30ms | Session: X_ouisq
[IT: 8110] Latency: 83.20ms | Session: X_ouisq
[IT: 8115] Latency: 83.50ms | Session: X_ouisq
[IT: 8120] Latency: 83.30ms | Session: X_ouisq
[IT: 8125] Latency: 83.30ms | Session: X_ouisq
[IT: 8130] Latency: 83.60ms | Session: X_ouisq
[IT: 8135] Latency: 83.20ms | Session: X_ouisq
[IT: 8140] Latency: 83.30ms | Session: X_ouisq
[IT: 8145] Latency: 83.20ms | Session: X_ouisq
[IT: 8150] Latency: 83.30ms | Session: X_ouisq
[IT: 8155] Latency: 83.50ms | Session: X_ouisq
[IT: 8160] Latency: 84.50ms | Session: X_ouisq
[IT: 8165] Latency: 89.50ms | Session: X_ouisq
[IT: 8170] Latency: 75.80ms | Session: X_ouisq
[IT: 8175] Latency: 83.20ms | Session: X_ouisq
[IT: 8180] Latency: 83.40ms | Session: X_ouisq
[IT: 8185] Latency: 83.10ms | Session: X_ouisq
[IT: 8190] Latency: 83.50ms | Session: X_ouisq
[IT: 8195] Latency: 83.20ms | Session: X_ouisq
[IT: 8200] Latency: 83.30ms | Session: X_ouisq
[IT: 8205] Latency: 83.50ms | Session: X_ouisq
[IT: 8210] Latency: 83.50ms | Session: X_ouisq
[IT: 8215] Latency: 83.00ms | Session: X_ouisq
[IT: 8220] Latency: 83.40ms | Session: X_ouisq
[IT: 8225] Latency: 83.40ms | Session: X_ouisq
[IT: 8230] Latency: 83.40ms | Session: X_ouisq
[IT: 8235] Latency: 83.20ms | Session: X_ouisq
[IT: 8240] Latency: 99.90ms | Session: X_ouisq
[IT: 8245] Latency: 83.40ms | Session: X_ouisq
[IT: 8250] Latency: 83.30ms | Session: X_ouisq
[IT: 8255] Latency: 83.40ms | Session: X_ouisq
[IT: 8260] Latency: 83.20ms | Session: X_ouisq
[IT: 8265] Latency: 83.30ms | Session: X_ouisq
[IT: 8270] Latency: 83.60ms | Session: X_ouisq
[IT: 8275] Latency: 83.10ms | Session: X_ouisq
[IT: 8280] Latency: 83.50ms | Session: X_ouisq
[IT: 8285] Latency: 83.20ms | Session: X_ouisq
[IT: 8290] Latency: 83.30ms | Session: X_ouisq
[IT: 8295] Latency: 83.30ms | Session: X_ouisq
[IT: 8300] Latency: 83.50ms | Session: X_ouisq
[IT: 8305] Latency: 83.20ms | Session: X_ouisq
[IT: 8310] Latency: 83.40ms | Session: X_ouisq
[IT: 8315] Latency: 83.20ms | Session: X_ouisq
[IT: 8320] Latency: 83.40ms | Session: X_ouisq
[IT: 8325] Latency: 83.40ms | Session: X_ouisq
[IT: 8335] Latency: 166.60ms | Session: X_ouisq
[IT: 8340] Latency: 83.30ms | Session: X_ouisq
[IT: 8330] Latency: -166.70ms | Session: X_ouisq
[IT: 8345] Latency: 250.00ms | Session: X_ouisq
[IT: 8350] Latency: 83.40ms | Session: X_ouisq
[IT: 8355] Latency: 83.30ms | Session: X_ouisq
[IT: 8360] Latency: 83.20ms | Session: X_ouisq
[IT: 8365] Latency: 83.40ms | Session: X_ouisq
[IT: 8370] Latency: 83.50ms | Session: X_ouisq
[IT: 8375] Latency: 83.40ms | Session: X_ouisq
[IT: 8380] Latency: 83.20ms | Session: X_ouisq
[IT: 8385] Latency: 83.20ms | Session: X_ouisq
[IT: 8390] Latency: 83.40ms | Session: X_ouisq
[IT: 8395] Latency: 83.30ms | Session: X_ouisq
[IT: 8400] Latency: 83.20ms | Session: X_ouisq
[IT: 8405] Latency: 83.60ms | Session: X_ouisq
[IT: 8415] Latency: 166.50ms | Session: X_ouisq
[IT: 8420] Latency: 83.30ms | Session: X_ouisq
[IT: 8410] Latency: -166.70ms | Session: X_ouisq
[IT: 8430] Latency: 333.40ms | Session: X_ouisq
[IT: 8435] Latency: 83.20ms | Session: X_ouisq
[IT: 8425] Latency: -166.70ms | Session: X_ouisq
[IT: 8440] Latency: 250.10ms | Session: X_ouisq
[IT: 8445] Latency: 83.50ms | Session: X_ouisq
[IT: 8450] Latency: 83.20ms | Session: X_ouisq
[IT: 8455] Latency: 83.30ms | Session: X_ouisq
[IT: 8465] Latency: 166.70ms | Session: X_ouisq
[IT: 8470] Latency: 83.20ms | Session: X_ouisq
[IT: 8460] Latency: -166.60ms | Session: X_ouisq
[IT: 8480] Latency: 333.30ms | Session: X_ouisq
[IT: 8485] Latency: 83.40ms | Session: X_ouisq
[IT: 8475] Latency: -166.70ms | Session: X_ouisq
[IT: 8490] Latency: 249.90ms | Session: X_ouisq
[IT: 8495] Latency: 83.50ms | Session: X_ouisq
[IT: 8500] Latency: 83.10ms | Session: X_ouisq
[IT: 8505] Latency: 83.50ms | Session: X_ouisq
[IT: 8510] Latency: 83.20ms | Session: X_ouisq
[IT: 8515] Latency: 83.40ms | Session: X_ouisq
[IT: 8520] Latency: 83.40ms | Session: X_ouisq
[IT: 8525] Latency: 83.30ms | Session: X_ouisq
[IT: 8535] Latency: 166.50ms | Session: X_ouisq
[IT: 8545] Latency: 166.80ms | Session: X_ouisq
[IT: 8540] Latency: -83.40ms | Session: X_ouisq
[IT: 8530] Latency: -166.70ms | Session: X_ouisq
[IT: 8555] Latency: 416.70ms | Session: X_ouisq
[IT: 8550] Latency: -83.30ms | Session: X_ouisq
[IT: 8560] Latency: 166.70ms | Session: X_ouisq
[IT: 8565] Latency: 83.20ms | Session: X_ouisq
[IT: 8570] Latency: 83.40ms | Session: X_ouisq
[IT: 8575] Latency: 83.40ms | Session: X_ouisq
[IT: 8580] Latency: 83.20ms | Session: X_ouisq
[IT: 8585] Latency: 83.30ms | Session: X_ouisq
[IT: 8590] Latency: 83.30ms | Session: X_ouisq
[IT: 8595] Latency: 83.40ms | Session: X_ouisq
[IT: 8600] Latency: 83.30ms | Session: X_ouisq
[IT: 8605] Latency: 83.40ms | Session: X_ouisq
[IT: 8610] Latency: 83.20ms | Session: X_ouisq
[IT: 8615] Latency: 83.40ms | Session: X_ouisq
[IT: 8620] Latency: 83.40ms | Session: X_ouisq
[IT: 8625] Latency: 83.30ms | Session: X_ouisq
[IT: 8630] Latency: 83.30ms | Session: X_ouisq
[IT: 8635] Latency: 83.30ms | Session: X_ouisq
[IT: 8640] Latency: 83.30ms | Session: X_ouisq
[IT: 8645] Latency: 83.30ms | Session: X_ouisq
[IT: 8650] Latency: 83.40ms | Session: X_ouisq
[IT: 8655] Latency: 83.30ms | Session: X_ouisq
[IT: 8660] Latency: 83.30ms | Session: X_ouisq
[IT: 8665] Latency: 83.40ms | Session: X_ouisq
[IT: 8670] Latency: 83.30ms | Session: X_ouisq
[IT: 8675] Latency: 83.30ms | Session: X_ouisq
[IT: 8680] Latency: 83.30ms | Session: X_ouisq
[IT: 8685] Latency: 83.30ms | Session: X_ouisq
[IT: 8690] Latency: 83.50ms | Session: X_ouisq
[IT: 8695] Latency: 83.30ms | Session: X_ouisq
[IT: 8700] Latency: 83.30ms | Session: X_ouisq
[IT: 8705] Latency: 83.50ms | Session: X_ouisq
[IT: 8710] Latency: 83.20ms | Session: X_ouisq
[IT: 8715] Latency: 83.30ms | Session: X_ouisq
[IT: 8720] Latency: 83.20ms | Session: X_ouisq
[IT: 8725] Latency: 83.50ms | Session: X_ouisq
[IT: 8730] Latency: 83.20ms | Session: X_ouisq
[IT: 8735] Latency: 83.40ms | Session: X_ouisq
[IT: 8740] Latency: 83.20ms | Session: X_ouisq
[IT: 8745] Latency: 83.30ms | Session: X_ouisq
[IT: 8750] Latency: 83.40ms | Session: X_ouisq
[IT: 8755] Latency: 83.50ms | Session: X_ouisq
[IT: 8760] Latency: 83.40ms | Session: X_ouisq
[IT: 8765] Latency: 83.10ms | Session: X_ouisq
[IT: 8770] Latency: 83.30ms | Session: X_ouisq
[IT: 8775] Latency: 83.40ms | Session: X_ouisq
[IT: 8780] Latency: 83.40ms | Session: X_ouisq
[IT: 8785] Latency: 83.30ms | Session: X_ouisq
[IT: 8790] Latency: 83.30ms | Session: X_ouisq
[IT: 8795] Latency: 83.30ms | Session: X_ouisq
[IT: 8800] Latency: 83.30ms | Session: X_ouisq
[IT: 8805] Latency: 83.30ms | Session: X_ouisq
[IT: 8810] Latency: 83.40ms | Session: X_ouisq
[IT: 8815] Latency: 83.20ms | Session: X_ouisq
[IT: 8820] Latency: 83.40ms | Session: X_ouisq
[IT: 8825] Latency: 83.30ms | Session: X_ouisq
[IT: 8830] Latency: 83.30ms | Session: X_ouisq
[IT: 8835] Latency: 83.40ms | Session: X_ouisq
[IT: 8840] Latency: 83.30ms | Session: X_ouisq
[IT: 8845] Latency: 83.30ms | Session: X_ouisq
[IT: 8850] Latency: 83.40ms | Session: X_ouisq
[IT: 8855] Latency: 83.40ms | Session: X_ouisq
[IT: 8860] Latency: 83.20ms | Session: X_ouisq
[IT: 8865] Latency: 83.70ms | Session: X_ouisq
[IT: 8870] Latency: 83.20ms | Session: X_ouisq
[IT: 8875] Latency: 83.10ms | Session: X_ouisq
[IT: 8880] Latency: 83.40ms | Session: X_ouisq
[IT: 8885] Latency: 83.40ms | Session: X_ouisq
[IT: 8890] Latency: 83.10ms | Session: X_ouisq
[IT: 8895] Latency: 83.40ms | Session: X_ouisq
[IT: 8900] Latency: 83.30ms | Session: X_ouisq
[IT: 8905] Latency: 83.40ms | Session: X_ouisq
[IT: 8910] Latency: 83.30ms | Session: X_ouisq
[IT: 8915] Latency: 83.30ms | Session: X_ouisq
[IT: 8920] Latency: 83.30ms | Session: X_ouisq
[IT: 8925] Latency: 83.30ms | Session: X_ouisq
[IT: 8930] Latency: 83.30ms | Session: X_ouisq
[IT: 8935] Latency: 83.40ms | Session: X_ouisq
[IT: 8940] Latency: 83.30ms | Session: X_ouisq
[IT: 8945] Latency: 83.30ms | Session: X_ouisq
[IT: 8950] Latency: 83.40ms | Session: X_ouisq
[IT: 8955] Latency: 83.30ms | Session: X_ouisq
[IT: 8960] Latency: 83.30ms | Session: X_ouisq
[IT: 8965] Latency: 83.50ms | Session: X_ouisq
[IT: 8970] Latency: 83.20ms | Session: X_ouisq
[IT: 8975] Latency: 83.40ms | Session: X_ouisq
[IT: 8980] Latency: 83.30ms | Session: X_ouisq
[IT: 8985] Latency: 83.40ms | Session: X_ouisq
[IT: 8990] Latency: 83.20ms | Session: X_ouisq
[IT: 8995] Latency: 83.40ms | Session: X_ouisq
[IT: 9000] Latency: 83.30ms | Session: X_ouisq
[IT: 9005] Latency: 83.30ms | Session: X_ouisq
[IT: 9010] Latency: 83.40ms | Session: X_ouisq
[IT: 9015] Latency: 83.20ms | Session: X_ouisq
[IT: 9020] Latency: 83.40ms | Session: X_ouisq
[IT: 9025] Latency: 83.40ms | Session: X_ouisq
[IT: 9030] Latency: 83.30ms | Session: X_ouisq
[IT: 9035] Latency: 83.30ms | Session: X_ouisq
[IT: 9045] Latency: 166.90ms | Session: X_ouisq
[IT: 9040] Latency: -83.60ms | Session: X_ouisq
[IT: 9050] Latency: 166.60ms | Session: X_ouisq
[IT: 9055] Latency: 83.30ms | Session: X_ouisq
[IT: 9060] Latency: 83.50ms | Session: X_ouisq
[IT: 9065] Latency: 83.10ms | Session: X_ouisq
[IT: 9070] Latency: 83.40ms | Session: X_ouisq
[IT: 9075] Latency: 83.30ms | Session: X_ouisq
[IT: 9080] Latency: 83.50ms | Session: X_ouisq
[IT: 9085] Latency: 83.20ms | Session: X_ouisq
[IT: 9090] Latency: 83.30ms | Session: X_ouisq
[IT: 9095] Latency: 83.40ms | Session: X_ouisq
[IT: 9100] Latency: 83.30ms | Session: X_ouisq
[IT: 9105] Latency: 83.30ms | Session: X_ouisq
[IT: 9110] Latency: 83.30ms | Session: X_ouisq
[IT: 9115] Latency: 83.30ms | Session: X_ouisq
[IT: 9120] Latency: 83.40ms | Session: X_ouisq
[IT: 9125] Latency: 83.30ms | Session: X_ouisq
[IT: 9130] Latency: 83.30ms | Session: X_ouisq
[IT: 9135] Latency: 83.40ms | Session: X_ouisq
[IT: 9140] Latency: 83.20ms | Session: X_ouisq
[IT: 9145] Latency: 83.40ms | Session: X_ouisq
[IT: 9150] Latency: 83.40ms | Session: X_ouisq
[IT: 9155] Latency: 83.20ms | Session: X_ouisq
[IT: 9160] Latency: 83.40ms | Session: X_ouisq
[IT: 9165] Latency: 83.40ms | Session: X_ouisq
[IT: 9170] Latency: 83.30ms | Session: X_ouisq
[IT: 9175] Latency: 83.30ms | Session: X_ouisq
[IT: 9180] Latency: 83.30ms | Session: X_ouisq
[IT: 9185] Latency: 83.20ms | Session: X_ouisq
[IT: 9190] Latency: 83.40ms | Session: X_ouisq
[IT: 9195] Latency: 83.60ms | Session: X_ouisq
[IT: 9200] Latency: 83.10ms | Session: X_ouisq
[IT: 9205] Latency: 83.60ms | Session: X_ouisq
[IT: 9210] Latency: 83.00ms | Session: X_ouisq
[IT: 9215] Latency: 83.30ms | Session: X_ouisq
[IT: 9220] Latency: 83.40ms | Session: X_ouisq
[IT: 9225] Latency: 83.30ms | Session: X_ouisq
[IT: 9230] Latency: 83.40ms | Session: X_ouisq
[IT: 9240] Latency: 166.60ms | Session: X_ouisq
[IT: 9235] Latency: -83.40ms | Session: X_ouisq
[IT: 9250] Latency: 250.00ms | Session: X_ouisq
[IT: 9245] Latency: -83.30ms | Session: X_ouisq
[IT: 9260] Latency: 250.10ms | Session: X_ouisq
[IT: 9265] Latency: 83.20ms | Session: X_ouisq
[IT: 9255] Latency: -166.60ms | Session: X_ouisq
[IT: 9270] Latency: 250.00ms | Session: X_ouisq
[IT: 9275] Latency: 83.40ms | Session: X_ouisq
[IT: 9280] Latency: 83.40ms | Session: X_ouisq
[IT: 9285] Latency: 83.00ms | Session: X_ouisq
[IT: 9290] Latency: 83.50ms | Session: X_ouisq
[IT: 9295] Latency: 83.30ms | Session: X_ouisq
[IT: 9305] Latency: 166.60ms | Session: X_ouisq
[IT: 9310] Latency: 83.40ms | Session: X_ouisq
[IT: 9300] Latency: -166.60ms | Session: X_ouisq
[IT: 9315] Latency: 249.90ms | Session: X_ouisq
[IT: 9320] Latency: 83.30ms | Session: X_ouisq
[IT: 9325] Latency: 83.40ms | Session: X_ouisq
[IT: 9330] Latency: 83.30ms | Session: X_ouisq
[IT: 9335] Latency: 83.30ms | Session: X_ouisq
[IT: 9340] Latency: 83.30ms | Session: X_ouisq
[IT: 9345] Latency: 83.30ms | Session: X_ouisq
[IT: 9350] Latency: 83.30ms | Session: X_ouisq
[IT: 9355] Latency: 83.50ms | Session: X_ouisq
[IT: 9360] Latency: 83.30ms | Session: X_ouisq
[IT: 9365] Latency: 83.40ms | Session: X_ouisq
[IT: 9370] Latency: 83.20ms | Session: X_ouisq
[IT: 9375] Latency: 83.20ms | Session: X_ouisq
[IT: 9380] Latency: 83.40ms | Session: X_ouisq
[IT: 9385] Latency: 83.70ms | Session: X_ouisq
[IT: 9390] Latency: 83.40ms | Session: X_ouisq
[IT: 9395] Latency: 83.20ms | Session: X_ouisq
[IT: 9405] Latency: 166.40ms | Session: X_ouisq
[IT: 9410] Latency: 83.30ms | Session: X_ouisq
[IT: 9400] Latency: -166.30ms | Session: X_ouisq
[IT: 9415] Latency: 249.60ms | Session: X_ouisq
[IT: 9420] Latency: 83.40ms | Session: X_ouisq
[IT: 9425] Latency: 83.30ms | Session: X_ouisq
[IT: 9430] Latency: 83.40ms | Session: X_ouisq
[IT: 9435] Latency: 83.20ms | Session: X_ouisq
[IT: 9440] Latency: 83.40ms | Session: X_ouisq
[IT: 9445] Latency: 83.30ms | Session: X_ouisq
[IT: 9450] Latency: 83.30ms | Session: X_ouisq
[IT: 9460] Latency: 166.70ms | Session: X_ouisq
[IT: 9465] Latency: 83.20ms | Session: X_ouisq
[IT: 9470] Latency: 83.40ms | Session: X_ouisq
[IT: 9475] Latency: 83.30ms | Session: X_ouisq
[IT: 9480] Latency: 83.40ms | Session: X_ouisq
[IT: 9485] Latency: 83.20ms | Session: X_ouisq
[IT: 9495] Latency: 166.70ms | Session: X_ouisq
[IT: 9505] Latency: 166.70ms | Session: X_ouisq
[IT: 9455] Latency: -833.30ms | Session: X_ouisq
[IT: 9500] Latency: 750.00ms | Session: X_ouisq
[IT: 9510] Latency: 166.60ms | Session: X_ouisq
[IT: 9515] Latency: 83.50ms | Session: X_ouisq
[IT: 9520] Latency: 83.20ms | Session: X_ouisq
[IT: 9490] Latency: -500.00ms | Session: X_ouisq
[IT: 9530] Latency: 666.80ms | Session: X_ouisq
[IT: 9535] Latency: 83.10ms | Session: X_ouisq
[IT: 9540] Latency: 83.40ms | Session: X_ouisq
[IT: 9545] Latency: 83.30ms | Session: X_ouisq
[IT: 9550] Latency: 83.30ms | Session: X_ouisq
[IT: 9555] Latency: 83.30ms | Session: X_ouisq
[IT: 9565] Latency: 166.70ms | Session: X_ouisq
[IT: 9570] Latency: 83.30ms | Session: X_ouisq
[IT: 9575] Latency: 83.40ms | Session: X_ouisq
[IT: 9580] Latency: 83.20ms | Session: X_ouisq
[IT: 9585] Latency: 83.40ms | Session: X_ouisq
[IT: 9560] Latency: -416.60ms | Session: X_ouisq
[IT: 9595] Latency: 583.30ms | Session: X_ouisq
[IT: 9525] Latency: -1166.10ms | Session: X_ouisq
[IT: 9605] Latency: 1332.90ms | Session: X_ouisq
[IT: 9600] Latency: -83.60ms | Session: X_ouisq
[IT: 9620] Latency: 333.50ms | Session: X_ouisq
[IT: 9630] Latency: 166.50ms | Session: X_ouisq
[IT: 9635] Latency: 83.40ms | Session: X_ouisq
[IT: 9610] Latency: -416.60ms | Session: X_ouisq
[IT: 9645] Latency: 583.30ms | Session: X_ouisq
[IT: 9615] Latency: -500.10ms | Session: X_ouisq
[IT: 9625] Latency: 166.70ms | Session: X_ouisq
[IT: 9655] Latency: 500.10ms | Session: X_ouisq
[IT: 9660] Latency: 83.20ms | Session: X_ouisq
[IT: 9665] Latency: 83.30ms | Session: X_ouisq
[IT: 9640] Latency: -416.50ms | Session: X_ouisq
[IT: 9670] Latency: 499.80ms | Session: X_ouisq
[IT: 9590] Latency: -1333.10ms | Session: X_ouisq
[IT: 9675] Latency: 1416.60ms | Session: X_ouisq
[IT: 9680] Latency: 83.30ms | Session: X_ouisq
[IT: 9650] Latency: -500.10ms | Session: X_ouisq
[IT: 9685] Latency: 583.40ms | Session: X_ouisq
[IT: 9690] Latency: 83.30ms | Session: X_ouisq
[IT: 9695] Latency: 83.20ms | Session: X_ouisq
[IT: 9700] Latency: 83.60ms | Session: X_ouisq
[IT: 9705] Latency: 83.20ms | Session: X_ouisq
[IT: 9710] Latency: 83.30ms | Session: X_ouisq
[IT: 9715] Latency: 83.30ms | Session: X_ouisq
[IT: 9720] Latency: 83.30ms | Session: X_ouisq
[IT: 9725] Latency: 83.50ms | Session: X_ouisq
[IT: 9730] Latency: 83.20ms | Session: X_ouisq
[IT: 9735] Latency: 83.30ms | Session: X_ouisq
[IT: 9740] Latency: 83.30ms | Session: X_ouisq
[IT: 9745] Latency: 83.40ms | Session: X_ouisq
[IT: 9750] Latency: 83.30ms | Session: X_ouisq
[IT: 9755] Latency: 83.30ms | Session: X_ouisq
[IT: 9760] Latency: 83.30ms | Session: X_ouisq
[IT: 9765] Latency: 83.40ms | Session: X_ouisq
[IT: 9770] Latency: 83.30ms | Session: X_ouisq
[IT: 9775] Latency: 83.20ms | Session: X_ouisq
[IT: 9780] Latency: 83.40ms | Session: X_ouisq
[IT: 9785] Latency: 83.30ms | Session: X_ouisq
[IT: 9790] Latency: 83.40ms | Session: X_ouisq
[IT: 9795] Latency: 83.60ms | Session: X_ouisq
[IT: 9800] Latency: 83.00ms | Session: X_ouisq
[IT: 9805] Latency: 83.40ms | Session: X_ouisq
[IT: 9810] Latency: 83.30ms | Session: X_ouisq
[IT: 9815] Latency: 83.40ms | Session: X_ouisq
[IT: 9820] Latency: 83.20ms | Session: X_ouisq
[IT: 9830] Latency: 166.70ms | Session: X_ouisq
[IT: 9845] Latency: 250.00ms | Session: X_ouisq
[IT: 9825] Latency: -333.30ms | Session: X_ouisq
[IT: 9840] Latency: 249.90ms | Session: X_ouisq
[IT: 9850] Latency: 166.60ms | Session: X_ouisq
[IT: 9835] Latency: -249.90ms | Session: X_ouisq
[IT: 9860] Latency: 416.70ms | Session: X_ouisq
[IT: 9855] Latency: -83.20ms | Session: X_ouisq
[IT: 9865] Latency: 166.50ms | Session: X_ouisq
[IT: 9870] Latency: 83.40ms | Session: X_ouisq
[IT: 9875] Latency: 83.30ms | Session: X_ouisq
[IT: 9880] Latency: 83.20ms | Session: X_ouisq
[IT: 9885] Latency: 83.40ms | Session: X_ouisq
[IT: 9890] Latency: 83.30ms | Session: X_ouisq
[IT: 9895] Latency: 83.40ms | Session: X_ouisq
[IT: 9900] Latency: 83.60ms | Session: X_ouisq
[IT: 9905] Latency: 83.00ms | Session: X_ouisq
[IT: 9910] Latency: 83.30ms | Session: X_ouisq
[IT: 9915] Latency: 83.60ms | Session: X_ouisq
[IT: 9920] Latency: 83.10ms | Session: X_ouisq
[IT: 9925] Latency: 83.30ms | Session: X_ouisq
[IT: 9930] Latency: 83.40ms | Session: X_ouisq
[IT: 9935] Latency: 83.20ms | Session: X_ouisq
[IT: 9940] Latency: 83.40ms | Session: X_ouisq
[IT: 9945] Latency: 83.50ms | Session: X_ouisq
[IT: 9950] Latency: 83.20ms | Session: X_ouisq
[IT: 9955] Latency: 83.30ms | Session: X_ouisq
[IT: 9960] Latency: 83.30ms | Session: X_ouisq
[IT: 9965] Latency: 83.40ms | Session: X_ouisq
[IT: 9970] Latency: 83.20ms | Session: X_ouisq
[IT: 9975] Latency: 83.40ms | Session: X_ouisq
[IT: 9980] Latency: 83.20ms | Session: X_ouisq
[IT: 9985] Latency: 83.50ms | Session: X_ouisq
[IT: 9990] Latency: 83.40ms | Session: X_ouisq
[IT: 9995] Latency: 83.10ms | Session: X_ouisq
[IT: 10000] Latency: 83.50ms | Session: X_ouisq
[IT: 10005] Latency: 83.30ms | Session: X_ouisq
[IT: 10010] Latency: 83.30ms | Session: X_ouisq
[IT: 10015] Latency: 83.20ms | Session: X_ouisq
[IT: 10020] Latency: 83.40ms | Session: X_ouisq
[IT: 10025] Latency: 83.40ms | Session: X_ouisq
[IT: 10030] Latency: 83.40ms | Session: X_ouisq
[IT: 10035] Latency: 83.20ms | Session: X_ouisq
[IT: 10050] Latency: 249.90ms | Session: X_ouisq
[IT: 10055] Latency: 83.60ms | Session: X_ouisq
[IT: 10060] Latency: 83.10ms | Session: X_ouisq
[IT: 10040] Latency: -333.20ms | Session: X_ouisq
[IT: 10045] Latency: 83.30ms | Session: X_ouisq
[IT: 10065] Latency: 333.30ms | Session: X_ouisq
[IT: 10070] Latency: 83.40ms | Session: X_ouisq
[IT: 10075] Latency: 83.20ms | Session: X_ouisq
[IT: 10080] Latency: 83.30ms | Session: X_ouisq
[IT: 10085] Latency: 83.50ms | Session: X_ouisq
[IT: 10090] Latency: 83.30ms | Session: X_ouisq
[IT: 10095] Latency: 83.20ms | Session: X_ouisq
[IT: 10100] Latency: 83.40ms | Session: X_ouisq
[IT: 10105] Latency: 83.30ms | Session: X_ouisq
[IT: 10110] Latency: 83.30ms | Session: X_ouisq
[IT: 10115] Latency: 83.30ms | Session: X_ouisq
[IT: 10120] Latency: 83.40ms | Session: X_ouisq
[IT: 10125] Latency: 83.30ms | Session: X_ouisq
[IT: 10130] Latency: 83.40ms | Session: X_ouisq
[IT: 10135] Latency: 83.20ms | Session: X_ouisq
[IT: 10140] Latency: 83.40ms | Session: X_ouisq
[IT: 10145] Latency: 83.40ms | Session: X_ouisq
[IT: 10150] Latency: 83.30ms | Session: X_ouisq
[IT: 10155] Latency: 83.20ms | Session: X_ouisq
[IT: 10160] Latency: 83.30ms | Session: X_ouisq
[IT: 10165] Latency: 83.40ms | Session: X_ouisq
[IT: 10170] Latency: 83.30ms | Session: X_ouisq
[IT: 10175] Latency: 83.30ms | Session: X_ouisq
[IT: 10180] Latency: 83.40ms | Session: X_ouisq
[IT: 10185] Latency: 83.40ms | Session: X_ouisq
[IT: 10190] Latency: 83.50ms | Session: X_ouisq
[IT: 10195] Latency: 83.10ms | Session: X_ouisq
[IT: 10200] Latency: 83.50ms | Session: X_ouisq
[IT: 10205] Latency: 83.40ms | Session: X_ouisq
[IT: 10210] Latency: 83.20ms | Session: X_ouisq
[IT: 10215] Latency: 83.30ms | Session: X_ouisq
[IT: 10220] Latency: 83.20ms | Session: X_ouisq
[IT: 10225] Latency: 83.40ms | Session: X_ouisq
[IT: 10230] Latency: 83.30ms | Session: X_ouisq
[IT: 10240] Latency: 166.70ms | Session: X_ouisq
[IT: 10245] Latency: 83.40ms | Session: X_ouisq
[IT: 10235] Latency: -166.80ms | Session: X_ouisq
[IT: 10250] Latency: 249.90ms | Session: X_ouisq
[IT: 10255] Latency: 83.60ms | Session: X_ouisq
[IT: 10265] Latency: 166.70ms | Session: X_ouisq
[IT: 10270] Latency: 83.30ms | Session: X_ouisq
[IT: 10275] Latency: 83.30ms | Session: X_ouisq
[IT: 10260] Latency: -249.80ms | Session: X_ouisq
[IT: 10280] Latency: 332.90ms | Session: X_ouisq
[IT: 10285] Latency: 83.40ms | Session: X_ouisq
[IT: 10290] Latency: 83.40ms | Session: X_ouisq
[IT: 10295] Latency: 83.50ms | Session: X_ouisq
[IT: 10300] Latency: 83.20ms | Session: X_ouisq
[IT: 10305] Latency: 83.40ms | Session: X_ouisq
[IT: 10310] Latency: 83.30ms | Session: X_ouisq
[IT: 10315] Latency: 83.20ms | Session: X_ouisq
[IT: 10320] Latency: 83.40ms | Session: X_ouisq
[IT: 10325] Latency: 83.30ms | Session: X_ouisq
[IT: 10330] Latency: 83.30ms | Session: X_ouisq
[IT: 10335] Latency: 83.30ms | Session: X_ouisq
[IT: 10340] Latency: 83.50ms | Session: X_ouisq
[IT: 10345] Latency: 83.20ms | Session: X_ouisq
[IT: 10350] Latency: 83.40ms | Session: X_ouisq
[IT: 10355] Latency: 83.20ms | Session: X_ouisq
[IT: 10360] Latency: 83.30ms | Session: X_ouisq
[IT: 10365] Latency: 84.70ms | Session: X_ouisq
[IT: 10370] Latency: 82.10ms | Session: X_ouisq
[IT: 10375] Latency: 83.30ms | Session: X_ouisq
[IT: 10380] Latency: 83.40ms | Session: X_ouisq
[IT: 10385] Latency: 83.30ms | Session: X_ouisq
[IT: 10390] Latency: 83.30ms | Session: X_ouisq
[IT: 10395] Latency: 83.20ms | Session: X_ouisq
[IT: 10400] Latency: 83.50ms | Session: X_ouisq
[IT: 10405] Latency: 83.20ms | Session: X_ouisq
[IT: 10410] Latency: 83.40ms | Session: X_ouisq
[IT: 10415] Latency: 83.30ms | Session: X_ouisq
[IT: 10420] Latency: 83.10ms | Session: X_ouisq
[IT: 10425] Latency: 83.70ms | Session: X_ouisq
[IT: 10430] Latency: 83.20ms | Session: X_ouisq
[IT: 10435] Latency: 83.30ms | Session: X_ouisq
[IT: 10440] Latency: 83.20ms | Session: X_ouisq
[IT: 10445] Latency: 83.70ms | Session: X_ouisq
[IT: 10450] Latency: 83.00ms | Session: X_ouisq
[IT: 10455] Latency: 83.50ms | Session: X_ouisq
[IT: 10460] Latency: 83.30ms | Session: X_ouisq
[IT: 10465] Latency: 83.30ms | Session: X_ouisq
[IT: 10470] Latency: 83.40ms | Session: X_ouisq
[IT: 10475] Latency: 83.30ms | Session: X_ouisq
[IT: 10480] Latency: 83.30ms | Session: X_ouisq
[IT: 10485] Latency: 83.30ms | Session: X_ouisq
[IT: 10490] Latency: 83.20ms | Session: X_ouisq
[IT: 10495] Latency: 83.60ms | Session: X_ouisq
[IT: 10500] Latency: 83.20ms | Session: X_ouisq
[IT: 10505] Latency: 83.40ms | Session: X_ouisq
[IT: 10510] Latency: 83.20ms | Session: X_ouisq
[IT: 10515] Latency: 83.40ms | Session: X_ouisq
[IT: 10520] Latency: 83.20ms | Session: X_ouisq
[IT: 10525] Latency: 83.50ms | Session: X_ouisq
[IT: 10530] Latency: 83.30ms | Session: X_ouisq
[IT: 10535] Latency: 83.30ms | Session: X_ouisq
[IT: 10540] Latency: 83.30ms | Session: X_ouisq
[IT: 10545] Latency: 83.30ms | Session: X_ouisq
[IT: 10550] Latency: 83.30ms | Session: X_ouisq
[IT: 10555] Latency: 83.40ms | Session: X_ouisq
[IT: 10560] Latency: 83.30ms | Session: X_ouisq
[IT: 10565] Latency: 83.20ms | Session: X_ouisq
[IT: 10570] Latency: 85.00ms | Session: X_ouisq
[IT: 10575] Latency: 81.80ms | Session: X_ouisq
[IT: 10580] Latency: 83.30ms | Session: X_ouisq
[IT: 10585] Latency: 83.30ms | Session: X_ouisq
[IT: 10590] Latency: 83.40ms | Session: X_ouisq
[IT: 10595] Latency: 83.10ms | Session: X_ouisq
[IT: 10600] Latency: 83.50ms | Session: X_ouisq
[IT: 10605] Latency: 83.30ms | Session: X_ouisq
[IT: 10610] Latency: 83.30ms | Session: X_ouisq
[IT: 10615] Latency: 83.40ms | Session: X_ouisq
[IT: 10620] Latency: 83.20ms | Session: X_ouisq
[IT: 10625] Latency: 83.30ms | Session: X_ouisq
[IT: 10630] Latency: 83.30ms | Session: X_ouisq
[IT: 10635] Latency: 83.60ms | Session: X_ouisq
[IT: 10640] Latency: 83.10ms | Session: X_ouisq
[IT: 10645] Latency: 83.40ms | Session: X_ouisq
[IT: 10650] Latency: 83.10ms | Session: X_ouisq
[IT: 10655] Latency: 83.40ms | Session: X_ouisq
[IT: 10660] Latency: 83.50ms | Session: X_ouisq
[IT: 10665] Latency: 83.30ms | Session: X_ouisq
[IT: 10670] Latency: 83.40ms | Session: X_ouisq
[IT: 10675] Latency: 83.20ms | Session: X_ouisq
[IT: 10680] Latency: 83.30ms | Session: X_ouisq
[IT: 10685] Latency: 83.30ms | Session: X_ouisq
[IT: 10690] Latency: 83.40ms | Session: X_ouisq
[IT: 10695] Latency: 83.30ms | Session: X_ouisq
[IT: 10700] Latency: 83.60ms | Session: X_ouisq
[IT: 10705] Latency: 82.90ms | Session: X_ouisq
[IT: 10710] Latency: 83.70ms | Session: X_ouisq
[IT: 10720] Latency: 166.60ms | Session: X_ouisq
[IT: 10715] Latency: -82.20ms | Session: X_ouisq
[IT: 10725] Latency: 165.60ms | Session: X_ouisq
[IT: 10730] Latency: 83.10ms | Session: X_ouisq
[IT: 10735] Latency: 83.30ms | Session: X_ouisq
[IT: 10740] Latency: 83.50ms | Session: X_ouisq
[IT: 10745] Latency: 83.40ms | Session: X_ouisq
[IT: 10750] Latency: 83.10ms | Session: X_ouisq
[IT: 10755] Latency: 83.30ms | Session: X_ouisq
[IT: 10760] Latency: 83.50ms | Session: X_ouisq
[IT: 10765] Latency: 83.30ms | Session: X_ouisq
[IT: 10770] Latency: 83.30ms | Session: X_ouisq
[IT: 10775] Latency: 83.50ms | Session: X_ouisq
[IT: 10780] Latency: 83.20ms | Session: X_ouisq
[IT: 10785] Latency: 84.90ms | Session: X_ouisq
[IT: 10790] Latency: 81.70ms | Session: X_ouisq
[IT: 10795] Latency: 83.20ms | Session: X_ouisq
[IT: 10800] Latency: 83.60ms | Session: X_ouisq
[IT: 10805] Latency: 83.10ms | Session: X_ouisq
[IT: 10810] Latency: 83.40ms | Session: X_ouisq
[IT: 10815] Latency: 83.40ms | Session: X_ouisq
[IT: 10820] Latency: 83.30ms | Session: X_ouisq
[IT: 10825] Latency: 83.30ms | Session: X_ouisq
[IT: 10830] Latency: 83.30ms | Session: X_ouisq
[IT: 10835] Latency: 83.30ms | Session: X_ouisq
[IT: 10840] Latency: 83.30ms | Session: X_ouisq
[IT: 10845] Latency: 83.40ms | Session: X_ouisq
[IT: 10850] Latency: 83.10ms | Session: X_ouisq
[IT: 10855] Latency: 83.50ms | Session: X_ouisq
[IT: 10860] Latency: 83.30ms | Session: X_ouisq
[IT: 10865] Latency: 83.40ms | Session: X_ouisq
[IT: 10870] Latency: 83.20ms | Session: X_ouisq
[IT: 10875] Latency: 83.40ms | Session: X_ouisq
[IT: 10880] Latency: 83.30ms | Session: X_ouisq
[IT: 10885] Latency: 83.20ms | Session: X_ouisq
[IT: 10890] Latency: 83.40ms | Session: X_ouisq
[IT: 10895] Latency: 83.30ms | Session: X_ouisq
[IT: 10900] Latency: 83.40ms | Session: X_ouisq
[IT: 10905] Latency: 83.30ms | Session: X_ouisq
[IT: 10910] Latency: 83.40ms | Session: X_ouisq
[IT: 10915] Latency: 83.40ms | Session: X_ouisq
[IT: 10920] Latency: 83.10ms | Session: X_ouisq
[IT: 10925] Latency: 83.50ms | Session: X_ouisq
[IT: 10930] Latency: 83.30ms | Session: X_ouisq
[IT: 10935] Latency: 83.30ms | Session: X_ouisq
[IT: 10940] Latency: 83.40ms | Session: X_ouisq
[IT: 10945] Latency: 83.30ms | Session: X_ouisq
[IT: 10950] Latency: 83.40ms | Session: X_ouisq
[IT: 10955] Latency: 83.30ms | Session: X_ouisq
[IT: 10960] Latency: 83.40ms | Session: X_ouisq
[IT: 10965] Latency: 84.50ms | Session: X_ouisq
[IT: 10970] Latency: 82.10ms | Session: X_ouisq
[IT: 10975] Latency: 83.30ms | Session: X_ouisq
[IT: 10980] Latency: 83.40ms | Session: X_ouisq
[IT: 10985] Latency: 83.40ms | Session: X_ouisq
[IT: 10990] Latency: 83.10ms | Session: X_ouisq
[IT: 10995] Latency: 83.40ms | Session: X_ouisq
[IT: 11000] Latency: 83.40ms | Session: X_ouisq
[IT: 11005] Latency: 83.30ms | Session: X_ouisq
[IT: 11010] Latency: 83.30ms | Session: X_ouisq
[IT: 11015] Latency: 83.30ms | Session: X_ouisq
[IT: 11020] Latency: 83.30ms | Session: X_ouisq
[IT: 11025] Latency: 83.20ms | Session: X_ouisq
[IT: 11030] Latency: 83.30ms | Session: X_ouisq
[IT: 11035] Latency: 83.50ms | Session: X_ouisq
[IT: 11040] Latency: 83.20ms | Session: X_ouisq
[IT: 11045] Latency: 83.40ms | Session: X_ouisq
[IT: 11050] Latency: 85.00ms | Session: X_ouisq
[IT: 11055] Latency: 81.50ms | Session: X_ouisq
[IT: 11060] Latency: 83.60ms | Session: X_ouisq
[IT: 11065] Latency: 83.00ms | Session: X_ouisq
[IT: 11070] Latency: 83.30ms | Session: X_ouisq
[IT: 11075] Latency: 83.50ms | Session: X_ouisq
[IT: 11080] Latency: 83.40ms | Session: X_ouisq
[IT: 11085] Latency: 83.40ms | Session: X_ouisq
[IT: 11090] Latency: 83.30ms | Session: X_ouisq
[IT: 11095] Latency: 83.20ms | Session: X_ouisq
[IT: 11100] Latency: 83.40ms | Session: X_ouisq
[IT: 11105] Latency: 83.30ms | Session: X_ouisq
[IT: 11110] Latency: 83.30ms | Session: X_ouisq
[IT: 11115] Latency: 83.30ms | Session: X_ouisq
[IT: 11120] Latency: 83.40ms | Session: X_ouisq
[IT: 11125] Latency: 83.40ms | Session: X_ouisq
[IT: 11130] Latency: 83.20ms | Session: X_ouisq
[IT: 11135] Latency: 83.30ms | Session: X_ouisq
[IT: 11140] Latency: 83.20ms | Session: X_ouisq
[IT: 11145] Latency: 83.50ms | Session: X_ouisq
[IT: 11150] Latency: 83.40ms | Session: X_ouisq
[IT: 11155] Latency: 83.40ms | Session: X_ouisq
[IT: 11160] Latency: 83.10ms | Session: X_ouisq
[IT: 11165] Latency: 83.40ms | Session: X_ouisq
[IT: 11170] Latency: 83.50ms | Session: X_ouisq
[IT: 11175] Latency: 83.10ms | Session: X_ouisq
[IT: 11180] Latency: 83.50ms | Session: X_ouisq
[IT: 11185] Latency: 83.10ms | Session: X_ouisq
[IT: 11190] Latency: 83.30ms | Session: X_ouisq
[IT: 11195] Latency: 83.40ms | Session: X_ouisq
[IT: 11200] Latency: 83.20ms | Session: X_ouisq
[IT: 11205] Latency: 83.60ms | Session: X_ouisq
[IT: 11210] Latency: 83.30ms | Session: X_ouisq
[IT: 11215] Latency: 83.20ms | Session: X_ouisq
[IT: 11220] Latency: 83.60ms | Session: X_ouisq
[IT: 11225] Latency: 83.10ms | Session: X_ouisq
[IT: 11230] Latency: 84.00ms | Session: X_ouisq
[IT: 11235] Latency: 82.80ms | Session: X_ouisq
[IT: 11240] Latency: 83.30ms | Session: X_ouisq
[IT: 11245] Latency: 83.30ms | Session: X_ouisq
[IT: 11250] Latency: 83.40ms | Session: X_ouisq
[IT: 11255] Latency: 83.10ms | Session: X_ouisq
[IT: 11260] Latency: 83.30ms | Session: X_ouisq
[IT: 11265] Latency: 84.60ms | Session: X_ouisq
[IT: 11270] Latency: 82.30ms | Session: X_ouisq
[IT: 11275] Latency: 83.10ms | Session: X_ouisq
[IT: 11280] Latency: 83.50ms | Session: X_ouisq
[IT: 11285] Latency: 83.20ms | Session: X_ouisq
[IT: 11290] Latency: 83.40ms | Session: X_ouisq
[IT: 11295] Latency: 83.30ms | Session: X_ouisq
[IT: 11300] Latency: 83.40ms | Session: X_ouisq
[IT: 11305] Latency: 83.10ms | Session: X_ouisq
[IT: 11310] Latency: 83.50ms | Session: X_ouisq
[IT: 11315] Latency: 83.30ms | Session: X_ouisq
[IT: 11320] Latency: 83.40ms | Session: X_ouisq
[IT: 11325] Latency: 83.40ms | Session: X_ouisq
[IT: 11330] Latency: 83.10ms | Session: X_ouisq
[IT: 11335] Latency: 83.30ms | Session: X_ouisq
[IT: 11340] Latency: 83.40ms | Session: X_ouisq
[IT: 11345] Latency: 83.30ms | Session: X_ouisq
[IT: 11350] Latency: 84.70ms | Session: X_ouisq
[IT: 11355] Latency: 82.10ms | Session: X_ouisq
[IT: 11360] Latency: 83.20ms | Session: X_ouisq
[IT: 11365] Latency: 83.30ms | Session: X_ouisq
[IT: 11370] Latency: 83.40ms | Session: X_ouisq
[IT: 11375] Latency: 83.10ms | Session: X_ouisq
[IT: 11380] Latency: 83.50ms | Session: X_ouisq
[IT: 11385] Latency: 83.40ms | Session: X_ouisq
[IT: 11390] Latency: 83.40ms | Session: X_ouisq
[IT: 11395] Latency: 83.30ms | Session: X_ouisq
[IT: 11400] Latency: 83.30ms | Session: X_ouisq
[IT: 11405] Latency: 83.20ms | Session: X_ouisq
[IT: 11410] Latency: 83.50ms | Session: X_ouisq
[IT: 11415] Latency: 83.20ms | Session: X_ouisq
[IT: 11420] Latency: 83.40ms | Session: X_ouisq
[IT: 11425] Latency: 83.40ms | Session: X_ouisq
[IT: 11430] Latency: 83.20ms | Session: X_ouisq
[IT: 11435] Latency: 83.40ms | Session: X_ouisq
[IT: 11440] Latency: 83.40ms | Session: X_ouisq
[IT: 11445] Latency: 83.20ms | Session: X_ouisq
[IT: 11450] Latency: 83.30ms | Session: X_ouisq
[IT: 11455] Latency: 83.30ms | Session: X_ouisq
[IT: 11460] Latency: 83.50ms | Session: X_ouisq
[IT: 11465] Latency: 83.20ms | Session: X_ouisq
[IT: 11470] Latency: 83.30ms | Session: X_ouisq
[IT: 11475] Latency: 83.30ms | Session: X_ouisq
[IT: 11480] Latency: 83.60ms | Session: X_ouisq
[IT: 11485] Latency: 83.20ms | Session: X_ouisq
[IT: 11490] Latency: 83.30ms | Session: X_ouisq
[IT: 11495] Latency: 84.50ms | Session: X_ouisq
[IT: 11500] Latency: 82.20ms | Session: X_ouisq
[IT: 11505] Latency: 83.20ms | Session: X_ouisq
[IT: 11510] Latency: 83.50ms | Session: X_ouisq
[IT: 11515] Latency: 83.30ms | Session: X_ouisq
[IT: 11520] Latency: 83.10ms | Session: X_ouisq
[IT: 11525] Latency: 83.30ms | Session: X_ouisq
[IT: 11530] Latency: 83.30ms | Session: X_ouisq
[IT: 11535] Latency: 83.50ms | Session: X_ouisq
[IT: 11540] Latency: 83.30ms | Session: X_ouisq
[IT: 11545] Latency: 83.30ms | Session: X_ouisq
[IT: 11550] Latency: 83.30ms | Session: X_ouisq
[IT: 11555] Latency: 83.30ms | Session: X_ouisq
[IT: 11560] Latency: 83.50ms | Session: X_ouisq
[IT: 11565] Latency: 83.10ms | Session: X_ouisq
[IT: 11570] Latency: 83.30ms | Session: X_ouisq
[IT: 11575] Latency: 83.60ms | Session: X_ouisq
[IT: 11580] Latency: 83.30ms | Session: X_ouisq
[IT: 11585] Latency: 83.20ms | Session: X_ouisq
[IT: 11590] Latency: 83.40ms | Session: X_ouisq
[IT: 11595] Latency: 83.30ms | Session: X_ouisq
[IT: 11600] Latency: 83.20ms | Session: X_ouisq
[IT: 11605] Latency: 83.50ms | Session: X_ouisq
[IT: 11610] Latency: 83.20ms | Session: X_ouisq
[IT: 11615] Latency: 83.20ms | Session: X_ouisq
[IT: 11620] Latency: 83.40ms | Session: X_ouisq
[IT: 11625] Latency: 83.40ms | Session: X_ouisq
[IT: 11630] Latency: 83.50ms | Session: X_ouisq
[IT: 11635] Latency: 83.30ms | Session: X_ouisq
[IT: 11640] Latency: 83.20ms | Session: X_ouisq
[IT: 11645] Latency: 83.30ms | Session: X_ouisq
[IT: 11650] Latency: 83.40ms | Session: X_ouisq
[IT: 11655] Latency: 83.40ms | Session: X_ouisq
[IT: 11660] Latency: 83.30ms | Session: X_ouisq
[IT: 11665] Latency: 83.20ms | Session: X_ouisq
[IT: 11670] Latency: 83.40ms | Session: X_ouisq
[IT: 11675] Latency: 83.40ms | Session: X_ouisq
[IT: 11680] Latency: 83.00ms | Session: X_ouisq
[IT: 11685] Latency: 83.60ms | Session: X_ouisq
[IT: 11690] Latency: 83.30ms | Session: X_ouisq
[IT: 11695] Latency: 83.30ms | Session: X_ouisq
[IT: 11700] Latency: 83.10ms | Session: X_ouisq
[IT: 11705] Latency: 83.50ms | Session: X_ouisq
[IT: 11710] Latency: 83.40ms | Session: X_ouisq
[IT: 11715] Latency: 83.30ms | Session: X_ouisq
[IT: 11720] Latency: 83.40ms | Session: X_ouisq
[IT: 11730] Latency: 166.60ms | Session: X_ouisq
[IT: 11725] Latency: -83.30ms | Session: X_ouisq
[IT: 11735] Latency: 166.50ms | Session: X_ouisq
[IT: 11740] Latency: 83.60ms | Session: X_ouisq
[IT: 11745] Latency: 83.10ms | Session: X_ouisq
[IT: 11750] Latency: 83.30ms | Session: X_ouisq
[IT: 11755] Latency: 83.40ms | Session: X_ouisq
[IT: 11760] Latency: 83.30ms | Session: X_ouisq
[IT: 11765] Latency: 83.40ms | Session: X_ouisq
[IT: 11770] Latency: 83.40ms | Session: X_ouisq
[IT: 11775] Latency: 83.20ms | Session: X_ouisq
[IT: 11780] Latency: 83.40ms | Session: X_ouisq
[IT: 11785] Latency: 83.20ms | Session: X_ouisq
[IT: 11790] Latency: 83.40ms | Session: X_ouisq
[IT: 11795] Latency: 83.40ms | Session: X_ouisq
[IT: 11800] Latency: 83.30ms | Session: X_ouisq
[IT: 11805] Latency: 83.40ms | Session: X_ouisq
[IT: 11810] Latency: 83.30ms | Session: X_ouisq
[IT: 11815] Latency: 83.10ms | Session: X_ouisq
[IT: 11820] Latency: 83.50ms | Session: X_ouisq
[IT: 11825] Latency: 83.40ms | Session: X_ouisq
[IT: 11830] Latency: 83.20ms | Session: X_ouisq
[IT: 11835] Latency: 83.30ms | Session: X_ouisq
[IT: 11840] Latency: 83.40ms | Session: X_ouisq
[IT: 11845] Latency: 83.30ms | Session: X_ouisq
[IT: 11850] Latency: 83.40ms | Session: X_ouisq
[IT: 11855] Latency: 83.40ms | Session: X_ouisq
[IT: 11860] Latency: 83.20ms | Session: X_ouisq
[IT: 11865] Latency: 83.20ms | Session: X_ouisq
[IT: 11870] Latency: 83.40ms | Session: X_ouisq
[IT: 11875] Latency: 83.40ms | Session: X_ouisq
[IT: 11880] Latency: 83.30ms | Session: X_ouisq
[IT: 11885] Latency: 83.00ms | Session: X_ouisq
[IT: 11890] Latency: 83.60ms | Session: X_ouisq
[IT: 11895] Latency: 83.30ms | Session: X_ouisq
[IT: 11900] Latency: 83.50ms | Session: X_ouisq
[IT: 11905] Latency: 83.30ms | Session: X_ouisq
[IT: 11910] Latency: 83.20ms | Session: X_ouisq
[IT: 11915] Latency: 83.40ms | Session: X_ouisq
[IT: 11920] Latency: 83.30ms | Session: X_ouisq
[IT: 11925] Latency: 83.30ms | Session: X_ouisq
[IT: 11930] Latency: 85.00ms | Session: X_ouisq
[IT: 11935] Latency: 81.50ms | Session: X_ouisq
[IT: 11940] Latency: 83.20ms | Session: X_ouisq
[IT: 11945] Latency: 83.40ms | Session: X_ouisq
[IT: 11950] Latency: 83.40ms | Session: X_ouisq
[IT: 11955] Latency: 83.30ms | Session: X_ouisq
[IT: 11960] Latency: 83.30ms | Session: X_ouisq
[IT: 11965] Latency: 83.40ms | Session: X_ouisq
[IT: 11970] Latency: 83.60ms | Session: X_ouisq
[IT: 11975] Latency: 83.10ms | Session: X_ouisq
[IT: 11980] Latency: 83.20ms | Session: X_ouisq
[IT: 11985] Latency: 83.40ms | Session: X_ouisq
[IT: 11990] Latency: 83.30ms | Session: X_ouisq
[IT: 11995] Latency: 83.40ms | Session: X_ouisq
[IT: 12000] Latency: 83.40ms | Session: X_ouisq
[IT: 12005] Latency: 83.20ms | Session: X_ouisq
[IT: 12010] Latency: 83.40ms | Session: X_ouisq
[IT: 12015] Latency: 83.30ms | Session: X_ouisq
[IT: 12020] Latency: 83.30ms | Session: X_ouisq
[IT: 12025] Latency: 84.80ms | Session: X_ouisq
[IT: 12030] Latency: 81.90ms | Session: X_ouisq
[IT: 12035] Latency: 83.30ms | Session: X_ouisq
[IT: 12040] Latency: 83.30ms | Session: X_ouisq
[IT: 12045] Latency: 83.30ms | Session: X_ouisq
[IT: 12050] Latency: 83.50ms | Session: X_ouisq
[IT: 12055] Latency: 83.20ms | Session: X_ouisq
[IT: 12060] Latency: 83.30ms | Session: X_ouisq
[IT: 12065] Latency: 83.20ms | Session: X_ouisq
[IT: 12070] Latency: 83.40ms | Session: X_ouisq
[IT: 12075] Latency: 83.30ms | Session: X_ouisq
[IT: 12080] Latency: 83.30ms | Session: X_ouisq
[IT: 12085] Latency: 83.60ms | Session: X_ouisq
[IT: 12090] Latency: 83.10ms | Session: X_ouisq
[IT: 12095] Latency: 83.40ms | Session: X_ouisq
[IT: 12100] Latency: 83.40ms | Session: X_ouisq
[IT: 12105] Latency: 83.30ms | Session: X_ouisq
[IT: 12110] Latency: 83.10ms | Session: X_ouisq
[IT: 12115] Latency: 83.50ms | Session: X_ouisq
[IT: 12120] Latency: 83.20ms | Session: X_ouisq
[IT: 12125] Latency: 83.40ms | Session: X_ouisq
[IT: 12130] Latency: 83.30ms | Session: X_ouisq
[IT: 12135] Latency: 83.40ms | Session: X_ouisq
[IT: 12140] Latency: 83.30ms | Session: X_ouisq
[IT: 12145] Latency: 83.40ms | Session: X_ouisq
[IT: 12150] Latency: 83.40ms | Session: X_ouisq
[IT: 12155] Latency: 83.10ms | Session: X_ouisq
[IT: 12160] Latency: 83.40ms | Session: X_ouisq
[IT: 12165] Latency: 83.30ms | Session: X_ouisq
[IT: 12170] Latency: 83.40ms | Session: X_ouisq
[IT: 12175] Latency: 83.30ms | Session: X_ouisq
[IT: 12180] Latency: 83.30ms | Session: X_ouisq
[IT: 12185] Latency: 83.30ms | Session: X_ouisq
[IT: 12190] Latency: 83.40ms | Session: X_ouisq
[IT: 12195] Latency: 83.30ms | Session: X_ouisq
[IT: 12200] Latency: 83.30ms | Session: X_ouisq
[IT: 12205] Latency: 83.30ms | Session: X_ouisq
[IT: 12210] Latency: 83.40ms | Session: X_ouisq
[IT: 12215] Latency: 83.20ms | Session: X_ouisq
[IT: 12220] Latency: 83.40ms | Session: X_ouisq
[IT: 12225] Latency: 83.20ms | Session: X_ouisq
[IT: 12230] Latency: 83.50ms | Session: X_ouisq
[IT: 12235] Latency: 83.20ms | Session: X_ouisq
[IT: 12240] Latency: 83.30ms | Session: X_ouisq
[IT: 12245] Latency: 83.30ms | Session: X_ouisq
[IT: 12250] Latency: 83.50ms | Session: X_ouisq
[IT: 12255] Latency: 83.30ms | Session: X_ouisq
[IT: 12260] Latency: 83.40ms | Session: X_ouisq
[IT: 12265] Latency: 83.30ms | Session: X_ouisq
[IT: 12270] Latency: 83.30ms | Session: X_ouisq
[IT: 12275] Latency: 83.30ms | Session: X_ouisq
[IT: 12280] Latency: 83.30ms | Session: X_ouisq
[IT: 12285] Latency: 83.30ms | Session: X_ouisq
[IT: 12290] Latency: 83.40ms | Session: X_ouisq
[IT: 12295] Latency: 83.30ms | Session: X_ouisq
[IT: 12300] Latency: 83.30ms | Session: X_ouisq
[IT: 12305] Latency: 83.40ms | Session: X_ouisq
[IT: 12310] Latency: 84.50ms | Session: X_ouisq
[IT: 12315] Latency: 82.10ms | Session: X_ouisq
[IT: 12320] Latency: 83.40ms | Session: X_ouisq
[IT: 12325] Latency: 83.30ms | Session: X_ouisq
[IT: 12330] Latency: 83.40ms | Session: X_ouisq
[IT: 12335] Latency: 83.30ms | Session: X_ouisq
[IT: 12340] Latency: 83.40ms | Session: X_ouisq
[IT: 12345] Latency: 83.40ms | Session: X_ouisq
[IT: 12350] Latency: 83.00ms | Session: X_ouisq
[IT: 12355] Latency: 83.50ms | Session: X_ouisq
[IT: 12360] Latency: 83.20ms | Session: X_ouisq
[IT: 12365] Latency: 83.30ms | Session: X_ouisq
[IT: 12370] Latency: 83.30ms | Session: X_ouisq
[IT: 12375] Latency: 83.50ms | Session: X_ouisq
[IT: 12380] Latency: 83.20ms | Session: X_ouisq
[IT: 12385] Latency: 83.30ms | Session: X_ouisq
[IT: 12390] Latency: 83.50ms | Session: X_ouisq
[IT: 12395] Latency: 83.30ms | Session: X_ouisq
[IT: 12400] Latency: 83.20ms | Session: X_ouisq
[IT: 12405] Latency: 83.40ms | Session: X_ouisq
[IT: 12410] Latency: 83.30ms | Session: X_ouisq
[IT: 12415] Latency: 83.30ms | Session: X_ouisq
[IT: 12420] Latency: 83.50ms | Session: X_ouisq
[IT: 12425] Latency: 83.10ms | Session: X_ouisq
[IT: 12430] Latency: 83.50ms | Session: X_ouisq
[IT: 12435] Latency: 83.30ms | Session: X_ouisq
[IT: 12440] Latency: 83.30ms | Session: X_ouisq
[IT: 12445] Latency: 83.20ms | Session: X_ouisq
[IT: 12450] Latency: 83.50ms | Session: X_ouisq
[IT: 12455] Latency: 83.50ms | Session: X_ouisq
[IT: 12460] Latency: 83.10ms | Session: X_ouisq
[IT: 12465] Latency: 83.20ms | Session: X_ouisq
[IT: 12470] Latency: 83.40ms | Session: X_ouisq
[IT: 12475] Latency: 83.30ms | Session: X_ouisq
[IT: 12480] Latency: 83.40ms | Session: X_ouisq
[IT: 12485] Latency: 83.60ms | Session: X_ouisq
[IT: 12490] Latency: 83.00ms | Session: X_ouisq
[IT: 12495] Latency: 83.40ms | Session: X_ouisq
[IT: 12500] Latency: 83.40ms | Session: X_ouisq
[IT: 12505] Latency: 83.20ms | Session: X_ouisq
[IT: 12510] Latency: 83.30ms | Session: X_ouisq
[IT: 12515] Latency: 83.40ms | Session: X_ouisq
[IT: 12520] Latency: 83.30ms | Session: X_ouisq
[IT: 12525] Latency: 83.30ms | Session: X_ouisq
[IT: 12530] Latency: 83.40ms | Session: X_ouisq
[IT: 12535] Latency: 83.30ms | Session: X_ouisq
[IT: 12540] Latency: 83.40ms | Session: X_ouisq
[IT: 12545] Latency: 83.60ms | Session: X_ouisq
[IT: 12550] Latency: 83.00ms | Session: X_ouisq
[IT: 12555] Latency: 83.30ms | Session: X_ouisq
[IT: 12560] Latency: 83.40ms | Session: X_ouisq
[IT: 12565] Latency: 83.20ms | Session: X_ouisq
[IT: 12570] Latency: 83.40ms | Session: X_ouisq
[IT: 12575] Latency: 83.30ms | Session: X_ouisq
[IT: 12580] Latency: 83.30ms | Session: X_ouisq
[IT: 12585] Latency: 83.40ms | Session: X_ouisq
[IT: 12590] Latency: 83.30ms | Session: X_ouisq
[IT: 12595] Latency: 83.30ms | Session: X_ouisq
[IT: 12600] Latency: 83.30ms | Session: X_ouisq
[IT: 12605] Latency: 83.50ms | Session: X_ouisq
[IT: 12610] Latency: 83.00ms | Session: X_ouisq
[IT: 12615] Latency: 83.80ms | Session: X_ouisq
[IT: 12620] Latency: 83.00ms | Session: X_ouisq
[IT: 12625] Latency: 83.40ms | Session: X_ouisq
[IT: 12630] Latency: 83.20ms | Session: X_ouisq
[IT: 12635] Latency: 83.30ms | Session: X_ouisq
[IT: 12640] Latency: 83.30ms | Session: X_ouisq
[IT: 12645] Latency: 83.40ms | Session: X_ouisq
[IT: 12650] Latency: 83.40ms | Session: X_ouisq
[IT: 12655] Latency: 83.30ms | Session: X_ouisq
[IT: 12660] Latency: 83.30ms | Session: X_ouisq
[IT: 12665] Latency: 83.30ms | Session: X_ouisq
[IT: 12670] Latency: 83.40ms | Session: X_ouisq
[IT: 12675] Latency: 83.30ms | Session: X_ouisq
[IT: 12680] Latency: 83.30ms | Session: X_ouisq
[IT: 12685] Latency: 83.40ms | Session: X_ouisq
[IT: 12690] Latency: 83.40ms | Session: X_ouisq
[IT: 12695] Latency: 83.20ms | Session: X_ouisq
[IT: 12700] Latency: 83.40ms | Session: X_ouisq
[IT: 12705] Latency: 83.20ms | Session: X_ouisq
[IT: 12710] Latency: 83.30ms | Session: X_ouisq
[IT: 12715] Latency: 83.40ms | Session: X_ouisq
[IT: 12720] Latency: 83.30ms | Session: X_ouisq
[IT: 12725] Latency: 83.40ms | Session: X_ouisq
[IT: 12730] Latency: 83.20ms | Session: X_ouisq
[IT: 12735] Latency: 83.40ms | Session: X_ouisq
[IT: 12740] Latency: 83.30ms | Session: X_ouisq
[IT: 12745] Latency: 83.40ms | Session: X_ouisq
[IT: 12750] Latency: 83.20ms | Session: X_ouisq
[IT: 12755] Latency: 83.40ms | Session: X_ouisq
[IT: 12760] Latency: 83.30ms | Session: X_ouisq
[IT: 12765] Latency: 83.40ms | Session: X_ouisq
[IT: 12770] Latency: 83.30ms | Session: X_ouisq
[IT: 12775] Latency: 83.30ms | Session: X_ouisq
[IT: 12780] Latency: 83.30ms | Session: X_ouisq
[IT: 12785] Latency: 83.50ms | Session: X_ouisq
[IT: 12790] Latency: 83.30ms | Session: X_ouisq
[IT: 12795] Latency: 83.20ms | Session: X_ouisq
[IT: 12800] Latency: 83.30ms | Session: X_ouisq
[IT: 12805] Latency: 83.40ms | Session: X_ouisq
[IT: 12810] Latency: 83.30ms | Session: X_ouisq
[IT: 12815] Latency: 83.40ms | Session: X_ouisq
[IT: 12820] Latency: 83.20ms | Session: X_ouisq
[IT: 12825] Latency: 83.40ms | Session: X_ouisq
[IT: 12830] Latency: 83.30ms | Session: X_ouisq
[IT: 12835] Latency: 83.30ms | Session: X_ouisq
[IT: 12840] Latency: 83.40ms | Session: X_ouisq
[IT: 12845] Latency: 83.30ms | Session: X_ouisq
[IT: 12850] Latency: 83.40ms | Session: X_ouisq
[IT: 12855] Latency: 83.20ms | Session: X_ouisq
[IT: 12860] Latency: 83.40ms | Session: X_ouisq
[IT: 12865] Latency: 83.40ms | Session: X_ouisq
[IT: 12870] Latency: 83.10ms | Session: X_ouisq
[IT: 12875] Latency: 83.50ms | Session: X_ouisq
[IT: 12880] Latency: 83.30ms | Session: X_ouisq
[IT: 12885] Latency: 83.30ms | Session: X_ouisq
[IT: 12890] Latency: 83.30ms | Session: X_ouisq
[IT: 12895] Latency: 83.50ms | Session: X_ouisq
[IT: 12900] Latency: 83.20ms | Session: X_ouisq
[IT: 12905] Latency: 83.50ms | Session: X_ouisq
[IT: 12910] Latency: 83.20ms | Session: X_ouisq
[IT: 12915] Latency: 83.30ms | Session: X_ouisq
[IT: 12920] Latency: 83.30ms | Session: X_ouisq
[IT: 12925] Latency: 83.30ms | Session: X_ouisq
[IT: 12930] Latency: 83.30ms | Session: X_ouisq
[IT: 12935] Latency: 83.40ms | Session: X_ouisq
[IT: 12940] Latency: 83.30ms | Session: X_ouisq
[IT: 12945] Latency: 83.50ms | Session: X_ouisq
[IT: 12950] Latency: 83.20ms | Session: X_ouisq
[IT: 12955] Latency: 83.30ms | Session: X_ouisq
[IT: 12960] Latency: 83.50ms | Session: X_ouisq
[IT: 12965] Latency: 83.30ms | Session: X_ouisq
[IT: 12970] Latency: 83.10ms | Session: X_ouisq
[IT: 12975] Latency: 83.40ms | Session: X_ouisq
[IT: 12980] Latency: 83.50ms | Session: X_ouisq
[IT: 12985] Latency: 83.30ms | Session: X_ouisq
[IT: 12990] Latency: 83.30ms | Session: X_ouisq
[IT: 12995] Latency: 83.40ms | Session: X_ouisq
[IT: 13000] Latency: 83.10ms | Session: X_ouisq
[IT: 13005] Latency: 83.50ms | Session: X_ouisq
[IT: 13010] Latency: 83.20ms | Session: X_ouisq
[IT: 13015] Latency: 83.40ms | Session: X_ouisq
[IT: 13020] Latency: 83.30ms | Session: X_ouisq
[IT: 13025] Latency: 83.30ms | Session: X_ouisq
[IT: 13030] Latency: 83.30ms | Session: X_ouisq
[IT: 13035] Latency: 83.30ms | Session: X_ouisq
[IT: 13040] Latency: 83.40ms | Session: X_ouisq
[IT: 13050] Latency: 166.60ms | Session: X_ouisq
[IT: 13045] Latency: -83.40ms | Session: X_ouisq
[IT: 13055] Latency: 166.70ms | Session: X_ouisq
[IT: 13060] Latency: 83.30ms | Session: X_ouisq
[IT: 13065] Latency: 83.30ms | Session: X_ouisq
[IT: 13070] Latency: 83.30ms | Session: X_ouisq
[IT: 13075] Latency: 83.50ms | Session: X_ouisq
[IT: 13080] Latency: 83.20ms | Session: X_ouisq
[IT: 13085] Latency: 83.60ms | Session: X_ouisq
[IT: 13090] Latency: 83.10ms | Session: X_ouisq
[IT: 13095] Latency: 83.20ms | Session: X_ouisq
[IT: 13100] Latency: 83.50ms | Session: X_ouisq
[IT: 13105] Latency: 83.20ms | Session: X_ouisq
[IT: 13110] Latency: 83.50ms | Session: X_ouisq
[IT: 13120] Latency: 166.50ms | Session: X_ouisq
[IT: 13125] Latency: 83.50ms | Session: X_ouisq
[IT: 13130] Latency: 83.20ms | Session: X_ouisq
[IT: 13135] Latency: 83.30ms | Session: X_ouisq
[IT: 13140] Latency: 83.40ms | Session: X_ouisq
[IT: 13145] Latency: 83.20ms | Session: X_ouisq
[IT: 13150] Latency: 83.40ms | Session: X_ouisq
[IT: 13155] Latency: 83.30ms | Session: X_ouisq
[IT: 13160] Latency: 83.30ms | Session: X_ouisq
[IT: 13165] Latency: 83.40ms | Session: X_ouisq
[IT: 13170] Latency: 83.30ms | Session: X_ouisq
[IT: 13175] Latency: 83.40ms | Session: X_ouisq
[IT: 13180] Latency: 83.40ms | Session: X_ouisq
[IT: 13115] Latency: -1083.40ms | Session: X_ouisq
[IT: 13185] Latency: 1166.60ms | Session: X_ouisq
[IT: 13190] Latency: 83.30ms | Session: X_ouisq
[IT: 13195] Latency: 83.30ms | Session: X_ouisq
[IT: 13200] Latency: 83.50ms | Session: X_ouisq
[IT: 13205] Latency: 83.30ms | Session: X_ouisq
[IT: 13210] Latency: 83.30ms | Session: X_ouisq
[IT: 13215] Latency: 83.40ms | Session: X_ouisq
[IT: 13220] Latency: 83.30ms | Session: X_ouisq
[IT: 13225] Latency: 83.20ms | Session: X_ouisq
[IT: 13230] Latency: 83.40ms | Session: X_ouisq
[IT: 13235] Latency: 83.40ms | Session: X_ouisq
[IT: 13240] Latency: 83.10ms | Session: X_ouisq
[IT: 13245] Latency: 83.40ms | Session: X_ouisq
[IT: 13250] Latency: 83.50ms | Session: X_ouisq
[IT: 13255] Latency: 83.30ms | Session: X_ouisq
[IT: 13260] Latency: 83.40ms | Session: X_ouisq
[IT: 13265] Latency: 84.20ms | Session: X_ouisq
[IT: 13270] Latency: 82.40ms | Session: X_ouisq
[IT: 13275] Latency: 83.10ms | Session: X_ouisq
[IT: 13280] Latency: 83.50ms | Session: X_ouisq
[IT: 13285] Latency: 83.20ms | Session: X_ouisq
[IT: 13290] Latency: 83.50ms | Session: X_ouisq
